epoch,head_lr,backbone_lr,train_loss,train_top1_accuracy,train_seconds,val_loss,val_top1_accuracy,val_top5_accuracy,val_macro_f1,val_seconds,train_images_per_second,val_images_per_second,peak_gpu_memory_mb
1,0.001,0.0001,5.588224165344238,0.07705,97.51916449999953,4.311350968170166,0.24699999930858613,0.49239999713897703,0.20216462710592348,37.21581000000151,205.08789326225303,134.3515027618584,9703.7216796875
2,0.0009972883382072953,9.97534852915723e-05,4.030291174316406,0.32255,70.20938070000011,3.3891938194274904,0.43499999799728395,0.6924000008583069,0.4036502961309235,20.54384310000023,284.8622192732141,243.3819210778505,6332.458984375
3,0.0009891830623632338,9.901664203302126e-05,3.289127781677246,0.4675,69.95468419999997,2.9644698112487795,0.5148000002861023,0.7610000018119812,0.49592436174860915,21.030942100000175,285.89936797970716,237.74493678055242,6332.458984375
4,0.0009757729755661011,9.779754323328192e-05,2.8888444591522218,0.55615,73.94614430000001,2.759283346557617,0.5623999975681305,0.791799997997284,0.5507878695462566,15.927702200000567,270.4671107510334,313.91847594939475,6332.458984375
5,0.0009572050015330874,9.610954559391703e-05,2.628241806411743,0.61725,75.2213881000007,2.642094539642334,0.5885999976158142,0.8115999984741211,0.5774796495909562,16.250924899999518,265.88182570376966,307.6747957896321,6332.458984375
6,0.0009336825748732973,9.397114317029975e-05,2.4390427017211915,0.6622,75.07180490000064,2.5903470615386963,0.6031999954223632,0.820200001335144,0.5955903089105996,16.133267200000773,266.41160455168205,309.91862578212056,6332.458984375
7,0.0009054634122155991,9.140576474687265e-05,2.2802934494018556,0.699,74.81080620000102,2.499644044494629,0.6261999980926514,0.8359999975204467,0.6190206023563133,15.916134999999485,267.34105693944156,314.1466191383877,6332.458984375
8,0.0008728566886113102,8.844151714648274e-05,2.158539637374878,0.7346,75.40277079999942,2.458224112319946,0.6348000037193299,0.8456000046730041,0.6288356385067037,15.899029299998801,265.2422422651895,314.48460818927964,6332.458984375
9,0.0008362196501476349,8.511087728614862e-05,2.061977225112915,0.75915,75.30684049999945,2.4282774688720705,0.6362000030517578,0.8441999954223632,0.6290376363574887,15.930345900000248,265.5801234948921,313.8663800137524,6332.458984375
10,0.0007959536998847742,8.14503363531613e-05,1.9682531215667725,0.78815,75.17265539999971,2.3917394847869873,0.6499999979972839,0.8533999988555908,0.6428707635406937,15.895379699999467,266.05419076362807,314.55681426724067,6332.458984375
11,0.0007525,7.75e-05,1.8785736793518066,0.8161,75.32585420000032,2.392943688201904,0.6483999994277954,0.8502000039100647,0.6440027208315919,15.721386400000483,265.5130859438686,318.0381089036681,6332.458984375
12,0.0007063346383225212,7.330314893841101e-05,1.820100332260132,0.8341,75.2304452999997,2.374455335998535,0.6516000037193298,0.8583999967575073,0.6468580327636713,16.096182499999486,265.8498154602852,310.6326608809362,6332.458984375
13,0.000657963412215599,6.890576474687264e-05,1.7571324474334717,0.8515,75.33808949999911,2.3636764041900635,0.656399998664856,0.8577999952316284,0.6509056822388768,15.880893799998375,265.46996522921165,314.8437400922933,6332.458984375
14,0.0006079162869547909,6.435602608679918e-05,1.6990175243377685,0.86995,75.07701409999936,2.3604378540039064,0.6510000037193299,0.8592000009536743,0.6460196580428058,16.031295099999625,266.3931196485899,311.8899607805309,6332.458984375
15,0.0005567415893174886,5.970378084704442e-05,1.6497336683273316,0.8869,70.06771570000092,2.340888555908203,0.6598,0.8595999973297119,0.6550642280819681,15.305059500000425,285.4381622148378,326.689353935531,6332.458984375
16,0.0005050000000000002,5.500000000000002e-05,1.613513467025757,0.89775,68.93679550000161,2.345603937149048,0.6595999950408935,0.8566000045776367,0.6551263881845737,15.621007300000201,290.12082524200787,320.0817913963804,6332.458984375
17,0.0004532584106825117,5.029621915295561e-05,1.5726189960479737,0.90825,68.83128829999987,2.339405023574829,0.6659999991416932,0.8582000023841858,0.6606799843278104,16.06449590000011,290.56553340728385,311.24537185134864,6332.458984375
18,0.00040208371304520916,4.5643973913200835e-05,1.5438269172668457,0.9142,70.04016859999865,2.3412931816101072,0.6611999950408936,0.8610000045776367,0.656213433232918,16.28969750000033,285.55042627353674,306.94247084698156,6332.458984375
19,0.00035203658778440114,4.109423525312738e-05,1.5237755588531494,0.91925,70.14075970000158,2.3340752655029298,0.6629999957084656,0.8590000023841858,0.6584916456035443,15.644626100000096,285.1409093021208,319.5985617067556,6332.458984375
20,0.000303665361677479,3.6696851061589e-05,1.501162476348877,0.92605,68.56943870000032,2.326148182296753,0.6666000028610229,0.8603999966621398,0.6617022662634908,15.589097199999742,291.6751307751321,320.73698276767965,6332.458984375
21,0.0002575000000000002,3.250000000000002e-05,1.4811012338638305,0.93205,68.78533849999985,2.327888166046143,0.666200003528595,0.8633999958992005,0.6615017176968409,15.336205099998551,290.75963622683986,326.02589541531836,6332.458984375
22,0.0002140463001152259,2.8549663646838724e-05,1.46298959274292,0.93655,68.63829469999837,2.32921852684021,0.6649999978065491,0.8583999987602234,0.6600361335285838,15.65810590000001,291.3825305161679,319.3234246806312,6332.458984375
23,0.00017378034985236537,2.4889122713851404e-05,1.44630532207489,0.94155,68.62109509999937,2.3290090843200684,0.6638,0.8618000009536743,0.6586631689601834,15.511823900000309,291.4555643691583,322.3347578101309,6332.458984375
24,0.00013714331138868995,2.1558482853517274e-05,1.4269049131393432,0.9456,68.74314389999927,2.3239200881958006,0.6620000028610229,0.8596000009536743,0.657214870148,15.69231679999939,290.9381047380379,318.6272660516384,6332.458984375
25,0.00010453658778440111,1.8594235253127378e-05,1.427811107635498,0.94535,68.73109260000092,2.3227055393218996,0.667400003528595,0.8604000038146973,0.6622805409788409,15.714830699998856,290.98911778393193,318.1707837298154,6332.458984375
26,7.631742512670288e-05,1.6028856829700266e-05,1.4203296102523804,0.9471,68.51700189999974,2.3264197647094726,0.667399997806549,0.8603999958992005,0.6622541510289713,15.311173000000053,291.89835289626234,326.55891224009963,6332.458984375
27,5.279499846691254e-05,1.3890454406082961e-05,1.4072184307098388,0.9523,68.7483229999998,2.3275628231048584,0.6703999949455262,0.8600000023841858,0.665071548113224,15.755410900001152,290.91618714830406,317.3512916759051,6332.458984375
28,3.422702443389901e-05,1.2202456766718095e-05,1.406406488800049,0.94965,68.77323849999993,2.3234833213806154,0.6729999956130981,0.8611999958992005,0.6682697849800455,15.786649800000305,290.81079263120665,316.72331136400476,6332.458984375
29,2.0816937636766188e-05,1.0983357966978747e-05,1.3971418064117431,0.9525,68.77531350000027,2.3220226291656494,0.6730000049591064,0.8615999973297119,0.6685434079923411,15.580601699999534,290.80201866327985,320.9118682496164,6332.458984375
30,1.2711661792704668e-05,1.0246514708427699e-05,1.3933977436065674,0.9548,68.41081099999974,2.323814698791504,0.6727999962806702,0.8602000023841858,0.6677848396564375,15.504990100000214,292.3514530473857,322.47682634766284,6332.458984375
