class_index,category_id,species_name,precision,recall,f1,support
0,9,Araneus diadematus,0.5454545454545454,0.6,0.5714285714285714,10
1,45,Trichonephila clavipes,0.5714285714285714,0.4,0.47058823529411764,10
2,70,Dolomedes triton,0.6153846153846154,0.8,0.6956521739130435,10
3,94,Phidippus johnsoni,1.0,0.6,0.75,10
4,152,Paravaejovis puritanus,0.8,0.8,0.8,10
5,157,Hemiscolopendra marginata,0.7,0.7,0.7,10
6,159,Scolopendra heros,1.0,0.8,0.8888888888888888,10
7,184,Agrilus planipennis,0.6666666666666666,0.4,0.5,10
8,193,Chauliognathus pensylvanicus,0.6666666666666666,0.4,0.5,10
9,251,Rutpela maculata,0.5833333333333334,0.7,0.6363636363636364,10
10,260,Trichocnemis spiculatus,0.5,0.7,0.5833333333333334,10
11,290,Leptinotarsa juncta,0.8888888888888888,0.8,0.8421052631578947,10
12,326,Henosepilachna vigintioctopunctata,0.75,0.9,0.8181818181818182,10
13,332,Psyllobora vigintiduopunctata,0.6666666666666666,0.8,0.7272727272727273,10
14,351,Anoplotrupes stercorosus,0.7692307692307693,1.0,0.8695652173913043,10
15,370,Oedemera femorata,0.875,0.7,0.7777777777777778,10
16,384,Euphoria kernii,0.5714285714285714,0.8,0.6666666666666666,10
17,386,Exomala orientalis,0.375,0.3,0.3333333333333333,10
18,435,Calliphora vicina,0.8571428571428571,0.6,0.7058823529411765,10
19,457,Exaireta spinigera,0.5333333333333333,0.8,0.64,10
20,461,Copestylum mexicanum,0.45454545454545453,0.5,0.47619047619047616,10
21,470,Eristalis stipator,0.7777777777777778,0.7,0.7368421052631579,10
22,472,Eristalis transversa,0.45454545454545453,0.5,0.47619047619047616,10
23,493,Toxomerus politus,0.8,0.8,0.8,10
24,513,Adelges tsugae,0.75,0.9,0.8181818181818182,10
25,558,Acanthocephala femorata,0.75,0.9,0.8181818181818182,10
26,567,Leptoglossus clypealis,0.4166666666666667,0.5,0.45454545454545453,10
27,568,Leptoglossus occidentalis,0.6,0.6,0.6,10
28,597,Adelphocoris lineolatus,0.75,0.6,0.6666666666666666,10
29,624,Graphosoma italicum,1.0,1.0,1.0,10
30,626,Halyomorpha halys,0.8,0.8,0.8,10
31,630,Nezara viridula,0.6,0.6,0.6,10
32,651,Phymata americana,0.6666666666666666,0.6,0.631578947368421,10
33,671,Andrena cineraria,0.8,0.8,0.8,10
34,711,Xylocopa micans,0.5,0.4,0.4444444444444444,10
35,718,Cimbex americanus,0.5,0.5,0.5,10
36,727,Amphibolips confluenta,0.7,0.7,0.7,10
37,743,Camponotus floridanus,0.4166666666666667,0.5,0.45454545454545453,10
38,747,Camponotus novaeboracensis,0.47058823529411764,0.8,0.5925925925925926,10
39,774,Augochlora pura,0.5,0.5,0.5,10
40,775,Augochloropsis metallica,0.5333333333333333,0.8,0.64,10
41,799,Ammophila procera,0.5714285714285714,0.8,0.6666666666666666,10
42,819,Mischocyttarus flavitarsis,0.6428571428571429,0.9,0.75,10
43,858,Achyra rantalis,0.8333333333333334,0.5,0.625,10
44,859,Agriphila straminella,0.6,0.6,0.6,10
45,921,Parapoynx diminutalis,0.9090909090909091,1.0,0.9523809523809523,10
46,924,Perispasta caeculalis,1.0,1.0,1.0,10
47,937,Pyrausta volupialis,0.875,0.7,0.7777777777777778,10
48,949,Urola nivalis,0.8181818181818182,0.9,0.8571428571428571,10
49,987,Bulia deducta,0.7272727272727273,0.8,0.7619047619047619,10
50,997,Catocala grynea,1.0,0.6,0.75,10
51,998,Catocala ilia,0.625,0.5,0.5555555555555556,10
52,1047,Hypena bijugalis,0.7272727272727273,0.8,0.7619047619047619,10
53,1076,Melipotis acontioides,0.6666666666666666,0.6,0.631578947368421,10
54,1103,Pantydia sparsa,0.8181818181818182,0.9,0.8571428571428571,10
55,1164,Chiasmia clathrata,0.875,0.7,0.7777777777777778,10
56,1167,Chlorochlamys chloroleucaria,1.0,0.9,0.9473684210526315,10
57,1176,Colotois pennaria,0.75,0.9,0.8181818181818182,10
58,1233,Idaea aversata,0.8181818181818182,0.9,0.8571428571428571,10
59,1242,Ilexia intractata,1.0,0.8,0.8888888888888888,10
60,1297,Probole amicaria,0.8333333333333334,1.0,0.9090909090909091,10
61,1314,Tetracis cachexiata,1.0,1.0,1.0,10
62,1315,Tetracis crocallata,0.9,0.9,0.9,10
63,1335,Ancyloxypha numitor,0.6,0.6,0.6,10
64,1346,Burnsius philetas,0.9,0.9,0.9,10
65,1362,Erynnis juvenalis,0.6666666666666666,0.6,0.631578947368421,10
66,1374,Iambrix salsala,0.8333333333333334,1.0,0.9090909090909091,10
67,1376,Lerodea eufala,0.5,0.4,0.4444444444444444,10
68,1378,Lon melane,0.5,0.5,0.5,10
69,1393,Polites mystic,0.75,0.6,0.6666666666666666,10
70,1405,Thymelicus lineola,0.6666666666666666,0.4,0.5,10
71,1408,Urbanus dorantes,0.5,0.3,0.375,10
72,1430,Euclea incisa,0.8888888888888888,0.8,0.8421052631578947,10
73,1439,Anthene emolus,0.8181818181818182,0.9,0.8571428571428571,10
74,1455,Catochrysops strabo,0.8333333333333334,1.0,0.9090909090909091,10
75,1458,Celastrina ladon,0.6428571428571429,0.9,0.75,10
76,1469,Cyaniris semiargus,0.6666666666666666,0.8,0.7272727272727273,10
77,1485,Icaricia icarioides,0.5,0.4,0.4444444444444444,10
78,1493,Leptotes marina,0.6363636363636364,0.7,0.6666666666666666,10
79,1534,Satyrium titus,0.8571428571428571,0.6,0.7058823529411765,10
80,1583,Autographa californica,0.36363636363636365,0.4,0.38095238095238093,10
81,1649,Lithacodia musta,0.8333333333333334,1.0,0.9090909090909091,10
82,1653,Maliattha synochitis,0.875,0.7,0.7777777777777778,10
83,1691,Ponometia semiflava,0.8,0.8,0.8,10
84,1729,Pseudoips prasinana,0.6666666666666666,1.0,0.8,10
85,1748,Peridea angulosa,0.6923076923076923,0.9,0.782608695652174,10
86,1802,Brenthis ino,1.0,0.9,0.9473684210526315,10
87,1838,Doxocopa laure,1.0,0.6,0.75,10
88,1840,Dryas iulia,0.8333333333333334,1.0,0.9090909090909091,10
89,1854,Euphydryas phaeton,0.75,0.9,0.8181818181818182,10
90,1908,Limenitis arthemis,0.75,0.6,0.6666666666666666,10
91,1938,Nymphalis antiopa,0.5,0.5,0.5,10
92,1968,Smyrna blomfildia,1.0,0.9,0.9473684210526315,10
93,2009,Papilio anactus,0.6666666666666666,0.6,0.631578947368421,10
94,2034,Papilio thoas,0.8888888888888888,0.8,0.8421052631578947,10
95,2073,Eurema daira,0.7142857142857143,0.5,0.5882352941176471,10
96,2077,Glutophrissa drusilla,0.9,0.9,0.9,10
97,2092,Pieris brassicae,0.8333333333333334,0.5,0.625,10
98,2129,Moodna ostrinella,0.875,0.7,0.7777777777777778,10
99,2139,Calephelis nemesis,0.6,0.9,0.72,10
100,2145,Melanis pixe,0.9090909090909091,1.0,0.9523809523809523,10
101,2149,Anisota senatoria,0.9,0.9,0.9,10
102,2161,Hemileuca maia,0.5714285714285714,0.4,0.47058823529411764,10
103,2166,Saturnia pavonia,0.75,0.9,0.8181818181818182,10
104,2167,Saturnia pyri,0.8333333333333334,1.0,0.9090909090909091,10
105,2185,Dolba hyloeus,0.75,0.6,0.6666666666666666,10
106,2198,Hippotion scrofa,0.9,0.9,0.9,10
107,2211,Paonias excaecata,0.7,0.7,0.7,10
108,2222,Sphinx pinastri,0.5384615384615384,0.7,0.6086956521739131,10
109,2235,Argyrotaenia velutinana,0.6363636363636364,0.7,0.6666666666666666,10
110,2246,Cydia latiferreana,0.9090909090909091,1.0,0.9523809523809523,10
111,2249,Epiblema otiosana,0.75,0.9,0.8181818181818182,10
112,2262,Platynota rostrana,0.8181818181818182,0.9,0.8571428571428571,10
113,2284,Orthodera ministralis,0.625,0.5,0.5555555555555556,10
114,2297,Chrysopa oculata,1.0,0.9,0.9473684210526315,10
115,2303,Libelloides coccajus,0.9,0.9,0.9,10
116,2332,Calopteryx maculata,0.8,0.8,0.8,10
117,2369,Enallagma cyathigerum,0.5454545454545454,0.6,0.5714285714285714,10
118,2375,Enallagma geminatum,0.5555555555555556,0.5,0.5263157894736842,10
119,2427,Erpetogomphus designatus,0.9,0.9,0.9,10
120,2432,Hagenius brevistylus,0.8,0.8,0.8,10
121,2463,Lestes virens,0.8888888888888888,0.8,0.8421052631578947,10
122,2527,Neurothemis taiwanensis,0.7692307692307693,1.0,0.8695652173913043,10
123,2628,Pseudochorthippus curtipennis,0.5714285714285714,0.4,0.47058823529411764,10
124,2633,Schistocerca obscura,0.7142857142857143,0.5,0.5882352941176471,10
125,2668,Conocephalus fuscus,0.5,0.6,0.5454545454545454,10
126,2702,Faxonius virilis,0.45454545454545453,0.5,0.47619047619047616,10
127,2736,Petrolisthes elongatus,0.6666666666666666,0.8,0.7272727272727273,10
128,2769,Pimephales notatus,0.5833333333333334,0.7,0.6363636363636364,10
129,2770,Rhinichthys atratulus,0.7142857142857143,0.5,0.5882352941176471,10
130,2773,Squalius cephalus,0.5833333333333334,0.7,0.6363636363636364,10
131,2800,Lepomis auritus,0.6666666666666666,0.8,0.7272727272727273,10
132,2812,Chaetodon capistratus,0.9,0.9,0.9,10
133,2836,Eupetrichthys angustipes,0.875,0.7,0.7777777777777778,10
134,2855,Parupeneus spilurus,0.5384615384615384,0.7,0.6086956521739131,10
135,2858,Perca flavescens,1.0,0.5,0.6666666666666666,10
136,2866,Abudefduf vaigiensis,1.0,0.6,0.75,10
137,2878,Aplodinotus grunniens,0.5833333333333334,0.7,0.6363636363636364,10
138,2884,Paralabrax clathratus,0.7,0.7,0.7,10
139,2914,Plotosus lineatus,0.75,0.6,0.6666666666666666,10
140,2919,Hippocampus histrix,0.7142857142857143,1.0,0.8333333333333334,10
141,2973,Pristimantis achatinus,0.5384615384615384,0.7,0.6086956521739131,10
142,3014,Litoria fallax,0.5,0.5,0.5,10
143,3040,Rana aurora,0.3,0.3,0.3,10
144,3070,Aneides aeneus,0.7272727272727273,0.8,0.7619047619047619,10
145,3107,Triturus carnifex,0.16666666666666666,0.1,0.125,10
146,3120,Aquila heliaca,0.4444444444444444,0.4,0.42105263157894735,10
147,3177,Pernis apivorus,0.625,0.5,0.5555555555555556,10
148,3199,Anas georgica,0.6363636363636364,0.7,0.6666666666666666,10
149,3244,Cygnus olor,0.6,0.6,0.6,10
150,3258,Melanitta perspicillata,0.2857142857142857,0.4,0.3333333333333333,10
151,3259,Mergellus albellus,0.625,0.5,0.5555555555555556,10
152,3260,Mergus merganser,0.3333333333333333,0.5,0.4,10
153,3306,Archilochus alexandri,0.75,0.6,0.6666666666666666,10
154,3321,Heliodoxa jacula,0.9090909090909091,1.0,0.9523809523809523,10
155,3358,Charadrius obscurus,0.4375,0.7,0.5384615384615384,10
156,3364,Charadrius wilsonia,0.5714285714285714,0.8,0.6666666666666666,10
157,3367,Pluvialis dominica,0.5833333333333334,0.7,0.6363636363636364,10
158,3372,Vanellus coronatus,0.8,0.8,0.8,10
159,3385,Haematopus palliatus,0.5454545454545454,0.6,0.5714285714285714,10
160,3398,Chroicocephalus hartlaubii,0.4,0.2,0.26666666666666666,10
161,3402,Chroicocephalus ridibundus,0.25,0.1,0.14285714285714285,10
162,3410,Larus cachinnans,0.3076923076923077,0.4,0.34782608695652173,10
163,3417,Larus glaucescens,0.4117647058823529,0.7,0.5185185185185185,10
164,3481,Numenius madagascariensis,0.9,0.9,0.9,10
165,3490,Tringa glareola,0.8571428571428571,0.6,0.7058823529411765,10
166,3529,Patagioenas flavirostris,0.75,0.6,0.6666666666666666,10
167,3635,Pavo cristatus,0.6,0.6,0.6,10
168,3673,Zapornia flavirostra,0.9,0.9,0.9,10
169,3715,Passerina ciris,0.8,0.4,0.5333333333333333,10
170,3719,Pheucticus chrysopeplus,0.7,0.7,0.7,10
171,3728,Certhia americana,0.6923076923076923,0.9,0.782608695652174,10
172,3759,Corvus ossifragus,0.5,0.4,0.4444444444444444,10
173,3777,Psilorhinus morio,0.5,0.5,0.5,10
174,3778,Pyrrhocorax graculus,0.875,0.7,0.7777777777777778,10
175,3804,Taeniopygia bichenovii,0.5,0.5,0.5,10
176,3828,Loxia curvirostra,0.75,0.3,0.42857142857142855,10
177,3849,Hirundo rustica,0.2,0.1,0.13333333333333333,10
178,3859,Riparia riparia,0.375,0.3,0.3333333333333333,10
179,3860,Stelgidopteryx ruficollis,0.5,0.6,0.5454545454545454,10
180,3865,Tachycineta thalassina,0.3333333333333333,0.2,0.25,10
181,3868,Agelaius tricolor,0.5,0.4,0.4444444444444444,10
182,3901,Quiscalus quiscula,0.5714285714285714,0.4,0.47058823529411764,10
183,3938,Ptilotula penicillata,0.5,0.7,0.5833333333333334,10
184,3961,Anthus pratensis,0.5714285714285714,0.4,0.47058823529411764,10
185,3990,Oenanthe familiaris,0.5294117647058824,0.9,0.6666666666666666,10
186,4040,Poecile hudsonicus,0.4,0.4,0.4,10
187,4043,Poecile rufescens,0.0,0.0,0.0,10
188,4068,Setophaga cerulea,0.7142857142857143,0.5,0.5882352941176471,10
189,4070,Setophaga citrina,0.7,0.7,0.7,10
190,4073,Setophaga dominica,0.42857142857142855,0.6,0.5,10
191,4084,Setophaga ruticilla,0.3,0.3,0.3,10
192,4089,Vermivora chrysoptera,0.5,0.2,0.2857142857142857,10
193,4099,Calamospiza melanocorys,0.5714285714285714,0.4,0.47058823529411764,10
194,4100,Centronyx henslowii,0.6363636363636364,0.7,0.6666666666666666,10
195,4118,Pipilo erythrophthalmus,0.5,0.4,0.4444444444444444,10
196,4138,Eopsaltria australis,0.6923076923076923,0.9,0.782608695652174,10
197,4142,Petroica macrocephala,0.5833333333333334,0.7,0.6363636363636364,10
198,4178,Regulus ignicapilla,0.375,0.6,0.46153846153846156,10
199,4189,Sitta pusilla,0.6363636363636364,0.7,0.6666666666666666,10
200,4203,Chamaea fasciata,0.45454545454545453,0.5,0.47619047619047616,10
201,4228,Saltator coerulescens,0.2857142857142857,0.4,0.3333333333333333,10
202,4245,Thraupis episcopus,0.8571428571428571,0.6,0.7058823529411765,10
203,4293,Contopus cooperi,0.5,0.4,0.4444444444444444,10
204,4295,Contopus sordidulus,0.4444444444444444,0.4,0.42105263157894735,10
205,4302,Empidonax hammondii,0.38461538461538464,0.5,0.43478260869565216,10
206,4308,Fluvicola nengeta,0.8571428571428571,0.6,0.7058823529411765,10
207,4313,Myiarchus cinerascens,0.38461538461538464,0.5,0.43478260869565216,10
208,4350,Zosterops japonicus,0.2727272727272727,0.3,0.2857142857142857,10
209,4352,Zosterops palpebrosus,0.2857142857142857,0.2,0.23529411764705882,10
210,4372,Cochlearius cochlearius,0.8,0.8,0.8,10
211,4386,Nycticorax nycticorax,0.4444444444444444,0.4,0.42105263157894735,10
212,4391,Pelecanus crispus,0.4,0.4,0.4,10
213,4419,Phoenicopterus ruber,0.6363636363636364,0.7,0.6666666666666666,10
214,4442,Dryobates pubescens,0.5714285714285714,0.4,0.47058823529411764,10
215,4553,Megascops asio,0.4444444444444444,0.4,0.42105263157894735,10
216,4578,Phalacrocorax pelagicus,0.6666666666666666,0.2,0.3076923076923077,10
217,4579,Phalacrocorax penicillatus,0.5384615384615384,0.7,0.6086956521739131,10
218,4596,Trogon rufus,0.7777777777777778,0.7,0.7368421052631579,10
219,4609,Ginglymostoma cirratum,0.5714285714285714,0.8,0.6666666666666666,10
220,4632,Oreotragus oreotragus,0.7272727272727273,0.8,0.7619047619047619,10
221,4641,Tragelaphus oryx,0.7142857142857143,0.5,0.5882352941176471,10
222,4654,Odocoileus virginianus,0.5555555555555556,0.5,0.5263157894736842,10
223,4671,Canis lupus,0.3,0.3,0.3,10
224,4673,Lycalopex culpaeus,0.6153846153846154,0.8,0.6956521739130435,10
225,4680,Lynx canadensis,0.5,0.4,0.4444444444444444,10
226,4690,Mephitis macroura,0.7,0.7,0.7,10
227,4708,Phocarctos hookeri,0.45454545454545453,0.5,0.47619047619047616,10
228,4732,Galeopterus variegatus,0.7692307692307693,1.0,0.8695652173913043,10
229,4736,Macropus fuliginosus,0.625,1.0,0.7692307692307693,10
230,4794,Castor canadensis,0.18181818181818182,0.2,0.19047619047619047,10
231,4801,Myodes glareolus,0.6428571428571429,0.9,0.75,10
232,4833,Marmota monax,0.5,0.8,0.6153846153846154,10
233,4843,Sciurus aureogaster,1.0,0.5,0.6666666666666666,10
234,4860,Caiman crocodilus,0.3,0.3,0.3,10
235,4862,Crocodylus moreletii,0.4666666666666667,0.7,0.56,10
236,4879,Anguis veronensis,0.3333333333333333,0.2,0.25,10
237,4884,Gerrhonotus infernalis,0.375,0.3,0.3333333333333333,10
238,4904,Dendrelaphis pictus,0.6666666666666666,0.4,0.5,10
239,4925,Lampropeltis triangulum,0.6,0.6,0.6,10
240,4964,Tantilla gracilis,0.42857142857142855,0.6,0.5,10
241,4977,Zamenis longissimus,0.3333333333333333,0.2,0.25,10
242,4981,Basiliscus vittatus,0.42857142857142855,0.6,0.5,10
243,4995,Micrurus tener,0.625,0.5,0.5555555555555556,10
244,5016,Iguana iguana,0.875,0.7,0.7777777777777778,10
245,5028,Pseudaspis cana,0.3333333333333333,0.3,0.3157894736842105,10
246,5080,Plestiodon obsoletus,0.6363636363636364,0.7,0.6666666666666666,10
247,5118,Crotalus oreganus,0.16666666666666666,0.1,0.125,10
248,5124,Sistrurus catenatus,0.3333333333333333,0.3,0.3157894736842105,10
249,5172,Actinia equina,0.8181818181818182,0.9,0.8571428571428571,10
250,5220,Clinocardium nuttallii,0.6923076923076923,0.9,0.782608695652174,10
251,5273,Aliger gigas,0.8333333333333334,0.5,0.625,10
252,5277,Buccinum undatum,0.5454545454545454,0.6,0.5714285714285714,10
253,5283,Californiconus californicus,0.5454545454545454,0.6,0.5714285714285714,10
254,5291,Americoliva sayana,0.6666666666666666,0.8,0.7272727272727273,10
255,5312,Phidiana hiltoni,0.8181818181818182,0.9,0.8571428571428571,10
256,5323,Phyllidia varicosa,1.0,1.0,1.0,10
257,5330,Rumina decollata,0.35714285714285715,0.5,0.4166666666666667,10
258,5347,Cepaea hortensis,0.6,0.6,0.6,10
259,5350,Helix lucorum,0.8,0.8,0.8,10
260,5387,Tonicella lineata,1.0,0.8,0.8888888888888888,10
261,5433,Peltigera praetextata,0.8181818181818182,0.9,0.8571428571428571,10
262,5441,Teloschistes flavicans,0.8181818181818182,0.9,0.8571428571428571,10
263,5445,Umbilicaria mammulata,1.0,0.8,0.8888888888888888,10
264,5474,Agaricus xanthodermus,0.5,0.4,0.4444444444444444,10
265,5477,Chlorophyllum molybdites,0.8,0.8,0.8,10
266,5498,Amanita rubescens,1.0,0.8,0.8888888888888888,10
267,5523,Lichenomphalia umbellifera,0.8888888888888888,0.8,0.8421052631578947,10
268,5541,Roridomyces austrororidus,0.8,0.8,0.8,10
269,5599,Chalciporus piperatus,0.7142857142857143,1.0,0.8333333333333334,10
270,5633,Turbinellus floccosus,0.7777777777777778,0.7,0.7368421052631579,10
271,5648,Phallus impudicus,0.7777777777777778,0.7,0.7368421052631579,10
272,5676,Fomes fomentarius,0.8888888888888888,0.8,0.8421052631578947,10
273,5700,Hericium americanum,0.9090909090909091,1.0,0.9523809523809523,10
274,5714,Xylobolus frustulatus,0.6923076923076923,0.9,0.782608695652174,10
275,5734,Rhizomnium glabrescens,0.6666666666666666,0.6,0.631578947368421,10
276,5756,Thuidium delicatulum,0.8181818181818182,0.9,0.8571428571428571,10
277,5764,Codium fragile,0.75,0.9,0.8181818181818182,10
278,5769,Radula complanata,0.75,0.9,0.8181818181818182,10
279,5783,Ephedra trifurca,0.7,0.7,0.7,10
280,5824,Cocos nucifera,0.7272727272727273,0.8,0.7619047619047619,10
281,5837,Allium cernuum,0.5714285714285714,0.4,0.47058823529411764,10
282,5856,Hymenocallis liriosme,0.9,0.9,0.9,10
283,5878,Asparagus acutifolius,0.5714285714285714,0.4,0.47058823529411764,10
284,5881,Asparagus officinalis,0.6666666666666666,0.6,0.631578947368421,10
285,5887,Camassia quamash,0.75,0.9,0.8181818181818182,10
286,5916,Muscari neglectum,0.7272727272727273,0.8,0.7619047619047619,10
287,5948,Asphodelus ramosus,1.0,0.8,0.8888888888888888,10
288,5952,Phormium cookianum,0.625,0.5,0.5555555555555556,10
289,5962,Crocus vernus,0.75,0.9,0.8181818181818182,10
290,6005,Cephalanthera rubra,0.6,0.6,0.6,10
291,6018,Dactylorhiza fuchsii,1.0,0.7,0.8235294117647058,10
292,6042,Goodyera tesselata,0.6666666666666666,0.4,0.5,10
293,6054,Neottia nidus-avis,0.8181818181818182,0.9,0.8571428571428571,10
294,6060,Ophrys insectifera,0.875,0.7,0.7777777777777778,10
295,6094,Spathoglottis plicata,0.6923076923076923,0.9,0.782608695652174,10
296,6097,Spiranthes lacera,0.9,0.9,0.9,10
297,6157,Erythronium oregonum,0.7272727272727273,0.8,0.7619047619047619,10
298,6165,Fritillaria recurva,0.8888888888888888,0.8,0.8421052631578947,10
299,6168,Lilium bulbiferum,0.8888888888888888,0.8,0.8421052631578947,10
300,6176,Lilium pardalinum,0.9,0.9,0.9,10
301,6202,Trillium nivale,0.8,0.8,0.8,10
302,6206,Trillium undulatum,0.6923076923076923,0.9,0.782608695652174,10
303,6215,Smilax glauca,0.16666666666666666,0.2,0.18181818181818182,10
304,6238,Carex digitata,0.5,0.6,0.5454545454545454,10
305,6295,Schoenoplectus pungens,0.7272727272727273,0.8,0.7619047619047619,10
306,6407,Paspalum dilatatum,0.4,0.4,0.4,10
307,6416,Poa annua,0.2857142857142857,0.2,0.23529411764705882,10
308,6425,Setaria viridis,0.6153846153846154,0.8,0.6956521739130435,10
309,6431,Stenotaphrum secundatum,0.46153846153846156,0.6,0.5217391304347826,10
310,6433,Themeda triandra,0.6,0.9,0.72,10
311,6461,Dendrolycopodium obscurum,0.75,0.6,0.6666666666666666,10
312,6492,Chaerophyllum aromaticum,0.42857142857142855,0.3,0.35294117647058826,10
313,6543,Torilis japonica,0.4444444444444444,0.4,0.42105263157894735,10
314,6554,Fatsia japonica,0.5555555555555556,0.5,0.5263157894736842,10
315,6562,Panax trifolius,0.8,0.8,0.8,10
316,6568,Schefflera actinophylla,0.875,0.7,0.7777777777777778,10
317,6585,Ilex opaca,1.0,0.2,0.3333333333333333,10
318,6590,Achillea millefolium,0.6,0.6,0.6,10
319,6609,Ambrosia salsola,0.6153846153846154,0.8,0.6956521739130435,10
320,6639,Artemisia vulgaris,0.35714285714285715,0.5,0.4166666666666667,10
321,6655,Bidens aristosa,0.6666666666666666,0.8,0.7272727272727273,10
322,6716,Cirsium texanum,0.8888888888888888,0.8,0.8421052631578947,10
323,6734,Crepis tectorum,0.25,0.2,0.2222222222222222,10
324,6779,Erigeron sumatrensis,0.3,0.3,0.3,10
325,6785,Eupatorium altissimum,0.875,0.7,0.7777777777777778,10
326,6787,Eupatorium capillifolium,0.5,0.6,0.5454545454545454,10
327,6800,Gaillardia aristata,0.6428571428571429,0.9,0.75,10
328,6818,Helenium amarum,0.5555555555555556,0.5,0.5263157894736842,10
329,6843,Hymenopappus artemisiifolius,0.5833333333333334,0.7,0.6363636363636364,10
330,6874,Leucanthemum vulgare,0.9090909090909091,1.0,0.9523809523809523,10
331,6893,Melanthera nivea,0.7142857142857143,1.0,0.8333333333333334,10
332,6901,Nabalus albus,0.6,0.6,0.6,10
333,6912,Ozothamnus leptophyllus,0.6666666666666666,0.6,0.631578947368421,10
334,6918,Packera tampicana,0.8,0.8,0.8,10
335,6948,Polymnia canadensis,0.35294117647058826,0.6,0.4444444444444444,10
336,6972,Senecio glastifolius,1.0,0.5,0.6666666666666666,10
337,6990,Silphium terebinthinaceum,0.6666666666666666,0.8,0.7272727272727273,10
338,7005,Solidago rugosa,0.6153846153846154,0.8,0.6956521739130435,10
339,7013,Sonchus asper,0.6666666666666666,0.2,0.3076923076923077,10
340,7039,Taraxacum officinale,0.625,0.5,0.5555555555555556,10
341,7047,Tithonia tubaeformis,0.5454545454545454,0.6,0.5714285714285714,10
342,7092,Campanula prenanthoides,0.875,0.7,0.7777777777777778,10
343,7100,Jasione montana,0.875,0.7,0.7777777777777778,10
344,7139,Echium plantagineum,0.75,0.6,0.6666666666666666,10
345,7172,Myosotis latifolia,0.5,0.7,0.5833333333333334,10
346,7173,Myosotis scorpioides,0.5,0.6,0.5454545454545454,10
347,7226,Cakile maritima,0.6666666666666666,0.8,0.7272727272727273,10
348,7236,Cardamine hirsuta,0.5,0.3,0.375,10
349,7237,Cardamine impatiens,0.5454545454545454,0.6,0.5714285714285714,10
350,7246,Dithyrea californica,0.5833333333333334,0.7,0.6363636363636364,10
351,7299,Pseudowintera colorata,0.25,0.1,0.14285714285714285,10
352,7327,Dysphania ambrosioides,0.4,0.4,0.4,10
353,7339,Anredera cordifolia,0.45454545454545453,0.5,0.47619047619047616,10
354,7364,Echinocereus enneacanthus,0.8333333333333334,0.5,0.625,10
355,7366,Echinocereus pectinatus,0.8888888888888888,0.8,0.8421052631578947,10
356,7371,Echinocereus stramineus,0.9,0.9,0.9,10
357,7375,Escobaria vivipara,0.6666666666666666,1.0,0.8,10
358,7376,Ferocactus cylindraceus,0.8888888888888888,0.8,0.8421052631578947,10
359,7434,Honckenya peploides,0.46153846153846156,0.6,0.5217391304347826,10
360,7451,Silene flos-cuculi,0.75,0.9,0.8181818181818182,10
361,7464,Stellaria graminea,0.7,0.7,0.7,10
362,7496,Montia parvifolia,0.42857142857142855,0.3,0.35294117647058826,10
363,7513,Limonium perezii,0.875,0.7,0.7777777777777778,10
364,7520,Bistorta vivipara,0.8,0.8,0.8,10
365,7526,Eriogonum deflexum,0.2857142857142857,0.2,0.23529411764705882,10
366,7536,Fallopia cilinodis,0.25,0.3,0.2727272727272727,10
367,7552,Persicaria maculosa,0.6666666666666666,0.6,0.631578947368421,10
368,7558,Polygonum aviculare,0.3333333333333333,0.3,0.3157894736842105,10
369,7559,Polygonum paronychia,0.6363636363636364,0.7,0.6666666666666666,10
370,7560,Pterostegia drymarioides,0.4444444444444444,0.4,0.42105263157894735,10
371,7567,Rumex hymenosepalus,0.7272727272727273,0.8,0.7619047619047619,10
372,7576,Canotia holacantha,0.7142857142857143,0.5,0.5882352941176471,10
373,7611,Cevallia sinuata,0.7,0.7,0.7,10
374,7613,Mentzelia hispida,0.7777777777777778,0.7,0.7368421052631579,10
375,7619,Coriaria arborea,0.5555555555555556,0.5,0.5263157894736842,10
376,7625,Ecballium elaterium,0.5454545454545454,0.6,0.5714285714285714,10
377,7663,Symphoricarpos occidentalis,0.6666666666666666,0.6,0.631578947368421,10
378,7678,Viburnum acerifolium,0.45454545454545453,0.5,0.47619047619047616,10
379,7707,Arbutus unedo,0.5833333333333334,0.7,0.6363636363636364,10
380,7709,Arctostaphylos glauca,0.6,0.3,0.4,10
381,7715,Calluna vulgaris,0.4,0.6,0.48,10
382,7718,Ceratiola ericoides,0.8181818181818182,0.9,0.8571428571428571,10
383,7723,Dracophyllum longifolium,0.5,0.2,0.2857142857142857,10
384,7732,Erica coccinea,0.9,0.9,0.9,10
385,7740,Gaultheria antipoda,0.6,0.6,0.6,10
386,7750,Kalmia procumbens,0.7272727272727273,0.8,0.7619047619047619,10
387,7751,Leptecophylla juniperina,0.7,0.7,0.7,10
388,7792,Vaccinium membranaceum,0.6,0.6,0.6,10
389,7814,Ipomopsis longiflora,0.6363636363636364,0.7,0.6666666666666666,10
390,7830,Phlox drummondii,0.8181818181818182,0.9,0.8571428571428571,10
391,7832,Phlox longifolia,0.7777777777777778,0.7,0.7368421052631579,10
392,7843,Androsace septentrionalis,0.7,0.7,0.7,10
393,7888,Acacia confusa,0.2,0.1,0.13333333333333333,10
394,7891,Acacia longifolia,0.5384615384615384,0.7,0.6086956521739131,10
395,7943,Cytisus scoparius,0.6,0.3,0.4,10
396,8024,Melilotus albus,0.6153846153846154,0.8,0.6956521739130435,10
397,8047,Platylobium obtusangulum,0.75,0.9,0.8181818181818182,10
398,8057,Robinia pseudoacacia,0.45454545454545453,0.5,0.47619047619047616,10
399,8083,Thermopsis californica,0.6666666666666666,1.0,0.8,10
400,8130,Polygala nana,1.0,0.6,0.75,10
401,8132,Polygala rugelii,0.8,0.8,0.8,10
402,8193,Quercus michauxii,0.5555555555555556,0.5,0.5263157894736842,10
403,8198,Quercus phellos,0.4,0.4,0.4,10
404,8220,Morella californica,0.5714285714285714,0.4,0.47058823529411764,10
405,8226,Garrya elliptica,0.38461538461538464,0.5,0.43478260869565216,10
406,8293,Frasera caroliniensis,0.6,0.6,0.6,10
407,8325,Coprosma dumosa,0.5,0.5,0.5,10
408,8327,Coprosma grandifolia,0.6363636363636364,0.7,0.6666666666666666,10
409,8426,Ajuga genevensis,0.4,0.4,0.4,10
410,8427,Ajuga reptans,0.3,0.3,0.3,10
411,8460,Melissa officinalis,0.6666666666666666,0.8,0.7272727272727273,10
412,8471,Monarda punctata,0.5294117647058824,0.9,0.6666666666666666,10
413,8482,Salvia apiana,0.7,0.7,0.7,10
414,8486,Salvia columbariae,0.7142857142857143,0.5,0.5882352941176471,10
415,8512,Stachys palustris,0.6428571428571429,0.9,0.75,10
416,8523,Trichostema lanatum,0.6666666666666666,0.8,0.7272727272727273,10
417,8526,Vitex agnus-castus,0.6,0.3,0.4,10
418,8569,Castilleja arvensis,0.8,0.8,0.8,10
419,8583,Castilleja purpurea,0.9090909090909091,1.0,0.9523809523809523,10
420,8592,Epifagus virginiana,0.6923076923076923,0.9,0.782608695652174,10
421,8600,Odontites vulgaris,0.8333333333333334,0.5,0.625,10
422,8606,Pedicularis densiflora,0.8181818181818182,0.9,0.8571428571428571,10
423,8626,Erythranthe cardinalis,0.8181818181818182,0.9,0.8571428571428571,10
424,8633,Phryma leptostachya,0.42857142857142855,0.3,0.35294117647058826,10
425,8687,Veronica americana,0.5,0.6,0.5454545454545454,10
426,8693,Veronica filiformis,0.875,0.7,0.7777777777777778,10
427,8709,Buddleja davidii,0.7,0.7,0.7,10
428,8717,Verbascum nigrum,0.875,0.7,0.7777777777777778,10
429,8719,Verbascum virgatum,0.6363636363636364,0.7,0.6666666666666666,10
430,8723,Duranta erecta,0.5,0.5,0.5,10
431,8724,Glandularia bipinnatifida,0.8,0.8,0.8,10
432,8757,Asimina triloba,0.46153846153846156,0.6,0.5217391304347826,10
433,8763,Magnolia tripetala,0.5714285714285714,0.4,0.47058823529411764,10
434,8767,Acalypha rhomboidea,0.5333333333333333,0.8,0.64,10
435,8773,Croton glandulosus,0.7,0.7,0.7,10
436,8804,Euphorbia ophthalmica,0.75,0.6,0.6666666666666666,10
437,8818,Manihot esculenta,0.6,0.6,0.6,10
438,8834,Hypericum perforatum,0.875,0.7,0.7777777777777778,10
439,8867,Salix bebbiana,0.35714285714285715,0.5,0.4166666666666667,10
440,8869,Salix cinerea,0.45454545454545453,0.5,0.47619047619047616,10
441,8878,Salix nigra,0.2222222222222222,0.2,0.21052631578947367,10
442,8912,Viola rotundifolia,0.9090909090909091,1.0,0.9523809523809523,10
443,8930,Abutilon theophrasti,0.7142857142857143,0.5,0.5882352941176471,10
444,8956,Malva assurgentiflora,0.8181818181818182,0.9,0.8571428571428571,10
445,8987,Muntingia calabura,1.0,0.8,0.8888888888888888,10
446,9069,Oenothera rosea,0.875,0.7,0.7777777777777778,10
447,9089,Aristotelia serrata,0.375,0.3,0.3333333333333333,10
448,9124,Banksia integrifolia,0.6666666666666666,0.6,0.631578947368421,10
449,9128,Leucadendron laureolum,0.5,0.4,0.4444444444444444,10
450,9133,Mimetes cucullatus,0.8333333333333334,1.0,0.9090909090909091,10
451,9199,Actaea racemosa,0.6,0.6,0.6,10
452,9202,Adonis vernalis,0.9,0.9,0.9,10
453,9203,Anemonastrum canadense,0.6923076923076923,0.9,0.782608695652174,10
454,9221,Aquilegia vulgaris,0.6363636363636364,0.7,0.6666666666666666,10
455,9226,Clematis crispa,0.5714285714285714,0.8,0.6666666666666666,10
456,9235,Clematis virginiana,0.5,0.5,0.5,10
457,9258,Pulsatilla patens,0.5555555555555556,0.5,0.5263157894736842,10
458,9260,Ranunculus acris,0.8,0.8,0.8,10
459,9314,Morus indica,0.5,0.4,0.4444444444444444,10
460,9372,Crataegus marshallii,0.7,0.7,0.7,10
461,9379,Eriobotrya japonica,0.5833333333333334,0.7,0.6363636363636364,10
462,9408,Potentilla canadensis,0.6666666666666666,0.8,0.7272727272727273,10
463,9423,Prunus fasciculata,0.5,0.6,0.5454545454545454,10
464,9431,Prunus pumila,0.3333333333333333,0.2,0.25,10
465,9433,Prunus spinosa,0.5555555555555556,0.5,0.5263157894736842,10
466,9460,Rubus bifrons,0.375,0.3,0.3333333333333333,10
467,9477,Rubus schmidelioides,0.2857142857142857,0.2,0.23529411764705882,10
468,9499,Ulmus americana,0.375,0.3,0.3333333333333333,10
469,9505,Ulmus pumila,0.25,0.1,0.14285714285714285,10
470,9510,Laportea canadensis,0.7142857142857143,0.5,0.5882352941176471,10
471,9518,Urtica urens,0.7692307692307693,1.0,0.8695652173913043,10
472,9525,Phoradendron californicum,0.7272727272727273,0.8,0.7619047619047619,10
473,9548,Toxicodendron rydbergii,0.6666666666666666,0.4,0.5,10
474,9550,Bursera microphylla,0.5384615384615384,0.7,0.6086956521739131,10
475,9565,Acer campestre,0.4,0.6,0.48,10
476,9586,Aesculus pavia,0.75,0.9,0.8181818181818182,10
477,9597,Crassula ovata,0.6363636363636364,0.7,0.6666666666666666,10
478,9610,Rhodiola integrifolia,0.6363636363636364,0.7,0.6666666666666666,10
479,9640,Ribes uva-crispa,0.36363636363636365,0.4,0.38095238095238093,10
480,9674,Tolmiea menziesii,0.8571428571428571,0.6,0.7058823529411765,10
481,9695,Ipomoea coccinea,1.0,0.9,0.9473684210526315,10
482,9702,Ipomoea obscura,0.75,0.9,0.8181818181818182,10
483,9735,Solanum dimidiatum,1.0,0.6,0.75,10
484,9739,Solanum elaeagnifolium,0.5555555555555556,0.5,0.5263157894736842,10
485,9753,Ampelopsis glandulosa,0.6,0.6,0.6,10
486,9766,Krameria erecta,0.6,0.6,0.6,10
487,9791,Sequoiadendron giganteum,0.8888888888888888,0.8,0.8421052631578947,10
488,9793,Taxodium distichum,0.3076923076923077,0.4,0.34782608695652173,10
489,9794,Taxodium mucronatum,0.0,0.0,0.0,10
490,9799,Abies concolor,0.5454545454545454,0.6,0.5714285714285714,10
491,9818,Pinus contorta,0.25,0.3,0.2727272727272727,10
492,9833,Pinus ponderosa,0.75,0.3,0.42857142857142855,10
493,9877,Gleichenia dicarpa,0.75,0.6,0.6666666666666666,10
494,9892,Asplenium bulbiferum,0.5714285714285714,0.8,0.6666666666666666,10
495,9918,Lomaria discolor,0.7,0.7,0.7,10
496,9925,Cystopteris fragilis,0.75,0.6,0.6666666666666666,10
497,9928,Dennstaedtia punctilobula,0.8181818181818182,0.9,0.8571428571428571,10
498,9987,Pteris vittata,0.3333333333333333,0.2,0.25,10
499,9990,Phegopteris hexagonoptera,1.0,0.8,0.8888888888888888,10
