method,class_index,species,family,genus,test_images,correct,accuracy,most_common_wrong_class,most_common_wrong_species,most_common_wrong_count
Simple CNN from scratch,341,Tithonia tubaeformis (tree marigold),Asteraceae,Tithonia,10,0,0.0,8,Chauliognathus pensylvanicus (Goldenrod Soldier Beetle),8
Simple CNN from scratch,138,Paralabrax clathratus (Kelp Bass),Serranidae,Paralabrax,10,0,0.0,219,Ginglymostoma cirratum (Nurse Shark),6
Simple CNN from scratch,160,Chroicocephalus hartlaubii (Hartlaub's Gull),Laridae,Chroicocephalus,10,0,0.0,217,Phalacrocorax penicillatus (Brandt's Cormorant),6
Simple CNN from scratch,234,Caiman crocodilus (Common Caiman),Alligatoridae,Caiman,10,0,0.0,273,Hericium americanum (Bear's Head Tooth),6
Simple CNN from scratch,276,Thuidium delicatulum (delicate fern moss),Thuidiaceae,Thuidium,10,0,0.0,361,Stellaria graminea (lesser stitchwort),6
Simple CNN from scratch,344,Echium plantagineum (Salvation Jane),Boraginaceae,Echium,10,0,0.0,454,Aquilegia vulgaris (common columbine),6
Simple CNN from scratch,360,Silene flos-cuculi (ragged-Robin),Caryophyllaceae,Silene,10,0,0.0,454,Aquilegia vulgaris (common columbine),6
Simple CNN from scratch,440,Salix cinerea (Grey Willow),Salicaceae,Salix,10,0,0.0,361,Stellaria graminea (lesser stitchwort),6
Simple CNN from scratch,147,Pernis apivorus (European Honey-buzzard),Accipitridae,Pernis,10,0,0.0,146,Aquila heliaca (Imperial Eagle),5
Simple CNN from scratch,216,Phalacrocorax pelagicus (Pelagic Cormorant),Phalacrocoracidae,Phalacrocorax,10,0,0.0,217,Phalacrocorax penicillatus (Brandt's Cormorant),5
Simple CNN from scratch,225,Lynx canadensis (Canada Lynx),Felidae,Lynx,10,0,0.0,217,Phalacrocorax penicillatus (Brandt's Cormorant),5
Simple CNN from scratch,239,Lampropeltis triangulum (Eastern Milksnake),Colubridae,Lampropeltis,10,0,0.0,274,Xylobolus frustulatus (ceramic parchment),5
Simple CNN from scratch,255,Phidiana hiltoni (Hilton's Aeolid),Facelinidae,Phidiana,10,0,0.0,273,Hericium americanum (Bear's Head Tooth),5
Simple CNN from scratch,409,Ajuga genevensis (Blue Bugle),Lamiaceae,Ajuga,10,0,0.0,454,Aquilegia vulgaris (common columbine),5
Simple CNN from scratch,452,Adonis vernalis (Spring Adonis),Ranunculaceae,Adonis,10,0,0.0,8,Chauliognathus pensylvanicus (Goldenrod Soldier Beetle),5
Simple CNN from scratch,474,Bursera microphylla (elephant tree),Burseraceae,Bursera,10,0,0.0,279,Ephedra trifurca (longleaf ephedra),5
Simple CNN from scratch,12,Henosepilachna vigintioctopunctata (Hadda Beetle),Coccinellidae,Henosepilachna,10,0,0.0,66,Iambrix salsala (Chestnut Bob),4
Simple CNN from scratch,20,Copestylum mexicanum (Mexican Cactus Fly),Syrphidae,Copestylum,10,0,0.0,8,Chauliognathus pensylvanicus (Goldenrod Soldier Beetle),4
Simple CNN from scratch,39,Augochlora pura (Pure Green Sweat Bee),Halictidae,Augochlora,10,0,0.0,8,Chauliognathus pensylvanicus (Goldenrod Soldier Beetle),4
Simple CNN from scratch,40,Augochloropsis metallica (Metallic Epauletted-Sweat Bee),Halictidae,Augochloropsis,10,0,0.0,8,Chauliognathus pensylvanicus (Goldenrod Soldier Beetle),4
Simple CNN from scratch,45,Parapoynx diminutalis (Hydrilla Leafcutter Moth),Crambidae,Parapoynx,10,0,0.0,110,Cydia latiferreana (Filbertworm Moth),4
Simple CNN from scratch,47,Pyrausta volupialis (Volupial Pyrausta Moth),Crambidae,Pyrausta,10,0,0.0,110,Cydia latiferreana (Filbertworm Moth),4
Simple CNN from scratch,65,Erynnis juvenalis (Juvenal's Duskywing),Hesperiidae,Erynnis,10,0,0.0,247,Crotalus oreganus (Western Rattlesnake),4
Simple CNN from scratch,69,Polites mystic (Long Dash Skipper),Hesperiidae,Polites,10,0,0.0,39,Augochlora pura (Pure Green Sweat Bee),4
Simple CNN from scratch,73,Anthene emolus (Common Ciliate Blue),Lycaenidae,Anthene,10,0,0.0,66,Iambrix salsala (Chestnut Bob),4
Simple CNN from scratch,89,Euphydryas phaeton (Baltimore Checkerspot),Nymphalidae,Euphydryas,10,0,0.0,76,Cyaniris semiargus (Mazarine Blue),4
Simple CNN from scratch,92,Smyrna blomfildia (Blomfild's Beauty),Nymphalidae,Smyrna,10,0,0.0,217,Phalacrocorax penicillatus (Brandt's Cormorant),4
Simple CNN from scratch,98,Moodna ostrinella (Darker Moodna Moth),Pyralidae,Moodna,10,0,0.0,46,Perispasta caeculalis (Titian Peale's Crambid),4
Simple CNN from scratch,116,Calopteryx maculata (Ebony Jewelwing),Calopterygidae,Calopteryx,10,0,0.0,66,Iambrix salsala (Chestnut Bob),4
Simple CNN from scratch,121,Lestes virens (Small Spreadwing),Lestidae,Lestes,10,0,0.0,118,Enallagma geminatum (Skimming Bluet),4
Simple CNN from scratch,163,Larus glaucescens (Glaucous-winged Gull),Laridae,Larus,10,0,0.0,217,Phalacrocorax penicillatus (Brandt's Cormorant),4
Simple CNN from scratch,172,Corvus ossifragus (Fish Crow),Corvidae,Corvus,10,0,0.0,217,Phalacrocorax penicillatus (Brandt's Cormorant),4
Simple CNN from scratch,194,Centronyx henslowii (Henslow's Sparrow),Passerellidae,Centronyx,10,0,0.0,76,Cyaniris semiargus (Mazarine Blue),4
Simple CNN from scratch,208,Zosterops japonicus (Warbling White-eye),Zosteropidae,Zosterops,10,0,0.0,76,Cyaniris semiargus (Mazarine Blue),4
Simple CNN from scratch,220,Oreotragus oreotragus (Klipspringer),Bovidae,Oreotragus,10,0,0.0,217,Phalacrocorax penicillatus (Brandt's Cormorant),4
Simple CNN from scratch,243,Micrurus tener (Texas Coralsnake),Elapidae,Micrurus,10,0,0.0,274,Xylobolus frustulatus (ceramic parchment),4
Simple CNN from scratch,260,Tonicella lineata (Lined Chiton),Tonicellidae,Tonicella,10,0,0.0,274,Xylobolus frustulatus (ceramic parchment),4
Simple CNN from scratch,263,Umbilicaria mammulata (Smooth Rock Tripe),Umbilicariaceae,Umbilicaria,10,0,0.0,274,Xylobolus frustulatus (ceramic parchment),4
Simple CNN from scratch,271,Phallus impudicus (stinkhorn),Phallaceae,Phallus,10,0,0.0,273,Hericium americanum (Bear's Head Tooth),4
Simple CNN from scratch,289,Crocus vernus (Spring Crocus),Iridaceae,Crocus,10,0,0.0,363,Limonium perezii (Perez's sea lavender),4
Simple CNN from scratch,304,Carex digitata (Fingered Sedge),Cyperaceae,Carex,10,0,0.0,325,Eupatorium altissimum (tall boneset),4
Simple CNN from scratch,322,Cirsium texanum (Texas Thistle),Asteraceae,Cirsium,10,0,0.0,76,Cyaniris semiargus (Mazarine Blue),4
Simple CNN from scratch,336,Senecio glastifolius (Woad-leaved ragwort),Asteraceae,Senecio,10,0,0.0,426,Veronica filiformis (Slender speedwell),4
Simple CNN from scratch,393,Acacia confusa (Taiwan Acacia),Fabaceae,Acacia,10,0,0.0,361,Stellaria graminea (lesser stitchwort),4
Simple CNN from scratch,399,Thermopsis californica (California goldenbanner),Fabaceae,Thermopsis,10,0,0.0,8,Chauliognathus pensylvanicus (Goldenrod Soldier Beetle),4
Simple CNN from scratch,410,Ajuga reptans (carpet bugle),Lamiaceae,Ajuga,10,0,0.0,426,Veronica filiformis (Slender speedwell),4
Simple CNN from scratch,438,Hypericum perforatum (Klamath weed),Hypericaceae,Hypericum,10,0,0.0,321,Bidens aristosa (tickseed beggar-ticks),4
Simple CNN from scratch,453,Anemonastrum canadense (meadow anemone),Ranunculaceae,Anemonastrum,10,0,0.0,361,Stellaria graminea (lesser stitchwort),4
Simple CNN from scratch,478,Rhodiola integrifolia (western roseroot),Crassulaceae,Rhodiola,10,0,0.0,426,Veronica filiformis (Slender speedwell),4
Simple CNN from scratch,497,Dennstaedtia punctilobula (hay-scented fern),Dennstaedtiaceae,Dennstaedtia,10,0,0.0,499,Phegopteris hexagonoptera (broad beech fern),4
Simple CNN from scratch,0,Araneus diadematus (Cross Orbweaver),Araneidae,Araneus,10,0,0.0,48,Urola nivalis (Snowy Urola Moth),3
Simple CNN from scratch,5,Hemiscolopendra marginata (Eastern Bark Centipede),Scolopendridae,Hemiscolopendra,10,0,0.0,62,Tetracis crocallata (Yellow Slant-line),3
Simple CNN from scratch,14,Anoplotrupes stercorosus (Woodland Dor Beetle),Geotrupidae,Anoplotrupes,10,0,0.0,240,Tantilla gracilis (Flat-headed Snake),3
Simple CNN from scratch,16,Euphoria kernii (Kern's Flower Scarab),Scarabaeidae,Euphoria,10,0,0.0,8,Chauliognathus pensylvanicus (Goldenrod Soldier Beetle),3
Simple CNN from scratch,19,Exaireta spinigera (Garden soldier fly),Stratiomyidae,Exaireta,10,0,0.0,46,Perispasta caeculalis (Titian Peale's Crambid),3
Simple CNN from scratch,43,Achyra rantalis (Garden Webworm Moth),Crambidae,Achyra,10,0,0.0,110,Cydia latiferreana (Filbertworm Moth),3
Simple CNN from scratch,49,Bulia deducta (Deduced Graphic),Erebidae,Bulia,10,0,0.0,156,Charadrius wilsonia (Wilson's Plover),3
Simple CNN from scratch,50,Catocala grynea (Woody Underwing),Erebidae,Catocala,10,0,0.0,273,Hericium americanum (Bear's Head Tooth),3
Simple CNN from scratch,51,Catocala ilia (Ilia Underwing),Erebidae,Catocala,10,0,0.0,274,Xylobolus frustulatus (ceramic parchment),3
Simple CNN from scratch,55,Chiasmia clathrata (Latticed Heath),Geometridae,Chiasmia,10,0,0.0,361,Stellaria graminea (lesser stitchwort),3
Simple CNN from scratch,56,Chlorochlamys chloroleucaria (Blackberry Looper),Geometridae,Chlorochlamys,10,0,0.0,221,Tragelaphus oryx (Eland),3
Simple CNN from scratch,58,Idaea aversata (Riband Wave),Geometridae,Idaea,10,0,0.0,273,Hericium americanum (Bear's Head Tooth),3
Simple CNN from scratch,60,Probole amicaria (Alien Probole Moth),Geometridae,Probole,10,0,0.0,110,Cydia latiferreana (Filbertworm Moth),3
Simple CNN from scratch,79,Satyrium titus (Coral Hairstreak),Lycaenidae,Satyrium,10,0,0.0,66,Iambrix salsala (Chestnut Bob),3
Simple CNN from scratch,83,Ponometia semiflava (Half-yellow Moth),Noctuidae,Ponometia,10,0,0.0,48,Urola nivalis (Snowy Urola Moth),3
Simple CNN from scratch,97,Pieris brassicae (Large White Butterfly),Pieridae,Pieris,10,0,0.0,76,Cyaniris semiargus (Mazarine Blue),3
Simple CNN from scratch,101,Anisota senatoria (Orange-tipped Oakworm Moth),Saturniidae,Anisota,10,0,0.0,274,Xylobolus frustulatus (ceramic parchment),3
Simple CNN from scratch,104,Saturnia pyri (Giant Peacock Moth),Saturniidae,Saturnia,10,0,0.0,273,Hericium americanum (Bear's Head Tooth),3
Simple CNN from scratch,108,Sphinx pinastri (Pine Hawk-Moth),Sphingidae,Sphinx,10,0,0.0,274,Xylobolus frustulatus (ceramic parchment),3
Simple CNN from scratch,109,Argyrotaenia velutinana (Red-banded Leafroller),Tortricidae,Argyrotaenia,10,0,0.0,110,Cydia latiferreana (Filbertworm Moth),3
Simple CNN from scratch,117,Enallagma cyathigerum (Common Blue Damselfly),Coenagrionidae,Enallagma,10,0,0.0,361,Stellaria graminea (lesser stitchwort),3
Simple CNN from scratch,122,Neurothemis taiwanensis,Libellulidae,Neurothemis,10,0,0.0,119,Erpetogomphus designatus (Eastern Ringtail),3
Simple CNN from scratch,126,Faxonius virilis (Virile Crayfish),Cambaridae,Faxonius,10,0,0.0,273,Hericium americanum (Bear's Head Tooth),3
Simple CNN from scratch,131,Lepomis auritus (Redbreast Sunfish),Centrarchidae,Lepomis,10,0,0.0,246,Plestiodon obsoletus (Great Plains Skink),3
Simple CNN from scratch,133,Eupetrichthys angustipes (Snakeskin Wrasse),Labridae,Eupetrichthys,10,0,0.0,219,Ginglymostoma cirratum (Nurse Shark),3
Simple CNN from scratch,139,Plotosus lineatus (Striped Eel Catfish),Plotosidae,Plotosus,10,0,0.0,219,Ginglymostoma cirratum (Nurse Shark),3
Simple CNN from scratch,143,Rana aurora (Northern Red-legged Frog),Ranidae,Rana,10,0,0.0,253,Californiconus californicus (California Cone),3
Simple CNN from scratch,144,Aneides aeneus (Green Salamander),Plethodontidae,Aneides,10,0,0.0,273,Hericium americanum (Bear's Head Tooth),3
Simple CNN from scratch,152,Mergus merganser (Common Merganser),Anatidae,Mergus,10,0,0.0,217,Phalacrocorax penicillatus (Brandt's Cormorant),3
Simple CNN from scratch,157,Pluvialis dominica (American Golden-Plover),Charadriidae,Pluvialis,10,0,0.0,217,Phalacrocorax penicillatus (Brandt's Cormorant),3
Simple CNN from scratch,158,Vanellus coronatus (Crowned Lapwing),Charadriidae,Vanellus,10,0,0.0,279,Ephedra trifurca (longleaf ephedra),3
Simple CNN from scratch,161,Chroicocephalus ridibundus (Black-headed Gull),Laridae,Chroicocephalus,10,0,0.0,217,Phalacrocorax penicillatus (Brandt's Cormorant),3
Simple CNN from scratch,166,Patagioenas flavirostris (Red-billed Pigeon),Columbidae,Patagioenas,10,0,0.0,203,Contopus cooperi (Olive-sided Flycatcher),3
Simple CNN from scratch,171,Certhia americana (Brown Creeper),Certhiidae,Certhia,10,0,0.0,217,Phalacrocorax penicillatus (Brandt's Cormorant),3
Simple CNN from scratch,174,Pyrrhocorax graculus (Alpine Chough),Corvidae,Pyrrhocorax,10,0,0.0,217,Phalacrocorax penicillatus (Brandt's Cormorant),3
Simple CNN from scratch,183,Ptilotula penicillata (White-plumed Honeyeater),Meliphagidae,Ptilotula,10,0,0.0,203,Contopus cooperi (Olive-sided Flycatcher),3
Simple CNN from scratch,188,Setophaga cerulea (Cerulean Warbler),Parulidae,Setophaga,10,0,0.0,203,Contopus cooperi (Olive-sided Flycatcher),3
Simple CNN from scratch,224,Lycalopex culpaeus (Culpeo),Canidae,Lycalopex,10,0,0.0,273,Hericium americanum (Bear's Head Tooth),3
Simple CNN from scratch,245,Pseudaspis cana (Mole Snake),Lamprophiidae,Pseudaspis,10,0,0.0,274,Xylobolus frustulatus (ceramic parchment),3
Simple CNN from scratch,246,Plestiodon obsoletus (Great Plains Skink),Scincidae,Plestiodon,10,0,0.0,273,Hericium americanum (Bear's Head Tooth),3
Simple CNN from scratch,248,Sistrurus catenatus (Massasauga),Viperidae,Sistrurus,10,0,0.0,279,Ephedra trifurca (longleaf ephedra),3
Simple CNN from scratch,249,Actinia equina (Beadlet anemone),Actiniidae,Actinia,10,0,0.0,247,Crotalus oreganus (Western Rattlesnake),3
Simple CNN from scratch,252,Buccinum undatum (Common Whelk),Buccinidae,Buccinum,10,0,0.0,274,Xylobolus frustulatus (ceramic parchment),3
Simple CNN from scratch,254,Americoliva sayana (Lettered Olive),Olividae,Americoliva,10,0,0.0,273,Hericium americanum (Bear's Head Tooth),3
Simple CNN from scratch,280,Cocos nucifera (coconut palm),Arecaceae,Cocos,10,0,0.0,217,Phalacrocorax penicillatus (Brandt's Cormorant),3
Simple CNN from scratch,285,Camassia quamash (small camas),Asparagaceae,Camassia,10,0,0.0,454,Aquilegia vulgaris (common columbine),3
Simple CNN from scratch,295,Spathoglottis plicata (Philippine Ground Orchid),Orchidaceae,Spathoglottis,10,0,0.0,454,Aquilegia vulgaris (common columbine),3
Simple CNN from scratch,296,Spiranthes lacera (Slender Ladies' Tresses),Orchidaceae,Spiranthes,10,0,0.0,115,Libelloides coccajus (Owly Sulphur),3
Simple CNN from scratch,301,Trillium nivale (snow trillium),Melanthiaceae,Trillium,10,0,0.0,268,Roridomyces austrororidus,3
Simple CNN from scratch,309,Stenotaphrum secundatum (Saint Augustine grass),Poaceae,Stenotaphrum,10,0,0.0,396,Melilotus albus (white sweet clover),3
Simple CNN from scratch,313,Torilis japonica (upright hedge-parsley),Apiaceae,Torilis,10,0,0.0,426,Veronica filiformis (Slender speedwell),3
Simple CNN from scratch,318,Achillea millefolium (common yarrow),Asteraceae,Achillea,10,0,0.0,325,Eupatorium altissimum (tall boneset),3
Simple CNN from scratch,327,Gaillardia aristata (great blanketflower),Asteraceae,Gaillardia,10,0,0.0,8,Chauliognathus pensylvanicus (Goldenrod Soldier Beetle),3
Simple CNN from scratch,335,Polymnia canadensis (leafcup),Asteraceae,Polymnia,10,0,0.0,480,Tolmiea menziesii (youth on age),3
Simple CNN from scratch,340,Taraxacum officinale (common dandelion),Asteraceae,Taraxacum,10,0,0.0,8,Chauliognathus pensylvanicus (Goldenrod Soldier Beetle),3
Simple CNN from scratch,342,Campanula prenanthoides (California Harebell),Campanulaceae,Campanula,10,0,0.0,454,Aquilegia vulgaris (common columbine),3
Simple CNN from scratch,346,Myosotis scorpioides (water forget-me-not),Boraginaceae,Myosotis,10,0,0.0,361,Stellaria graminea (lesser stitchwort),3
Simple CNN from scratch,349,Cardamine impatiens (narrow-leaved bittercress),Brassicaceae,Cardamine,10,0,0.0,361,Stellaria graminea (lesser stitchwort),3
Simple CNN from scratch,354,Echinocereus enneacanthus (Strawberry Cactus),Cactaceae,Echinocereus,10,0,0.0,486,Krameria erecta (Pima Rhatany),3
Simple CNN from scratch,355,Echinocereus pectinatus (Spiny Hedgehog Cactus),Cactaceae,Echinocereus,10,0,0.0,274,Xylobolus frustulatus (ceramic parchment),3
Simple CNN from scratch,368,Polygonum aviculare (prostrate knotweed),Polygonaceae,Polygonum,10,0,0.0,396,Melilotus albus (white sweet clover),3
Simple CNN from scratch,369,Polygonum paronychia (beach knotweed),Polygonaceae,Polygonum,10,0,0.0,426,Veronica filiformis (Slender speedwell),3
Simple CNN from scratch,370,Pterostegia drymarioides (woodland pterostegia),Polygonaceae,Pterostegia,10,0,0.0,274,Xylobolus frustulatus (ceramic parchment),3
Simple CNN from scratch,379,Arbutus unedo (strawberry tree),Ericaceae,Arbutus,10,0,0.0,361,Stellaria graminea (lesser stitchwort),3
Simple CNN from scratch,380,Arctostaphylos glauca (Big Berry Manzanita),Ericaceae,Arctostaphylos,10,0,0.0,372,Canotia holacantha (crucifixion thorn),3
Simple CNN from scratch,381,Calluna vulgaris (common heather),Ericaceae,Calluna,10,0,0.0,426,Veronica filiformis (Slender speedwell),3
Simple CNN from scratch,382,Ceratiola ericoides (sand heath),Ericaceae,Ceratiola,10,0,0.0,325,Eupatorium altissimum (tall boneset),3
Simple CNN from scratch,388,Vaccinium membranaceum (black huckleberry),Ericaceae,Vaccinium,10,0,0.0,454,Aquilegia vulgaris (common columbine),3
Simple CNN from scratch,389,Ipomopsis longiflora (flaxflowered ipomopsis),Polemoniaceae,Ipomopsis,10,0,0.0,115,Libelloides coccajus (Owly Sulphur),3
Simple CNN from scratch,390,Phlox drummondii (Drummond's phlox),Polemoniaceae,Phlox,10,0,0.0,431,Glandularia bipinnatifida (Dakota mock vervain),3
Simple CNN from scratch,394,Acacia longifolia (longleaf wattle),Fabaceae,Acacia,10,0,0.0,426,Veronica filiformis (Slender speedwell),3
Simple CNN from scratch,404,Morella californica (California Wax Myrtle),Myricaceae,Morella,10,0,0.0,361,Stellaria graminea (lesser stitchwort),3
Simple CNN from scratch,408,Coprosma grandifolia (Kanono),Rubiaceae,Coprosma,10,0,0.0,426,Veronica filiformis (Slender speedwell),3
Simple CNN from scratch,413,Salvia apiana (white sage),Lamiaceae,Salvia,10,0,0.0,274,Xylobolus frustulatus (ceramic parchment),3
Simple CNN from scratch,415,Stachys palustris (Marsh Woundwort),Lamiaceae,Stachys,10,0,0.0,361,Stellaria graminea (lesser stitchwort),3
Simple CNN from scratch,420,Epifagus virginiana (Beechdrops),Orobanchaceae,Epifagus,10,0,0.0,274,Xylobolus frustulatus (ceramic parchment),3
Simple CNN from scratch,427,Buddleja davidii (Butterfly bush),Scrophulariaceae,Buddleja,10,0,0.0,454,Aquilegia vulgaris (common columbine),3
Simple CNN from scratch,429,Verbascum virgatum (Wand Mullein),Scrophulariaceae,Verbascum,10,0,0.0,8,Chauliognathus pensylvanicus (Goldenrod Soldier Beetle),3
Simple CNN from scratch,430,Duranta erecta (golden dewdrop),Verbenaceae,Duranta,10,0,0.0,454,Aquilegia vulgaris (common columbine),3
Simple CNN from scratch,444,Malva assurgentiflora (Island Mallow),Malvaceae,Malva,10,0,0.0,39,Augochlora pura (Pure Green Sweat Bee),3
Simple CNN from scratch,447,Aristotelia serrata (Wineberry),Elaeocarpaceae,Aristotelia,10,0,0.0,325,Eupatorium altissimum (tall boneset),3
Simple CNN from scratch,455,Clematis crispa (Swamp Leather Flower),Ranunculaceae,Clematis,10,0,0.0,361,Stellaria graminea (lesser stitchwort),3
Simple CNN from scratch,458,Ranunculus acris (meadow buttercup),Ranunculaceae,Ranunculus,10,0,0.0,8,Chauliognathus pensylvanicus (Goldenrod Soldier Beetle),3
Simple CNN from scratch,461,Eriobotrya japonica (Loquat),Rosaceae,Eriobotrya,10,0,0.0,314,Fatsia japonica (Japanese aralia),3
Simple CNN from scratch,463,Prunus fasciculata (desert almond),Rosaceae,Prunus,10,0,0.0,325,Eupatorium altissimum (tall boneset),3
Simple CNN from scratch,473,Toxicodendron rydbergii (poison ivy),Anacardiaceae,Toxicodendron,10,0,0.0,361,Stellaria graminea (lesser stitchwort),3
Simple CNN from scratch,475,Acer campestre (field maple),Sapindaceae,Acer,10,0,0.0,470,Laportea canadensis (Canadian wood nettle),3
Simple CNN from scratch,491,Pinus contorta (lodgepole pine),Pinaceae,Pinus,10,0,0.0,325,Eupatorium altissimum (tall boneset),3
Simple CNN from scratch,494,Asplenium bulbiferum (Hen and Chicks Fern),Aspleniaceae,Asplenium,10,0,0.0,459,Morus indica (Korean mulberry),3
Simple CNN from scratch,1,Trichonephila clavipes (Golden Silk Spider),Araneidae,Trichonephila,10,0,0.0,48,Urola nivalis (Snowy Urola Moth),2
Simple CNN from scratch,2,Dolomedes triton (Six-spotted Fishing Spider),Pisauridae,Dolomedes,10,0,0.0,273,Hericium americanum (Bear's Head Tooth),2
Simple CNN from scratch,3,Phidippus johnsoni (Johnson's Jumping Spider),Salticidae,Phidippus,10,0,0.0,274,Xylobolus frustulatus (ceramic parchment),2
Simple CNN from scratch,6,Scolopendra heros (Giant Desert Centipede),Scolopendridae,Scolopendra,10,0,0.0,274,Xylobolus frustulatus (ceramic parchment),2
Simple CNN from scratch,7,Agrilus planipennis (Emerald Ash Borer),Buprestidae,Agrilus,10,0,0.0,274,Xylobolus frustulatus (ceramic parchment),2
Simple CNN from scratch,10,Trichocnemis spiculatus (Spined Woodborer),Cerambycidae,Trichocnemis,10,0,0.0,247,Crotalus oreganus (Western Rattlesnake),2
Simple CNN from scratch,11,Leptinotarsa juncta (False Potato Beetle),Chrysomelidae,Leptinotarsa,10,0,0.0,66,Iambrix salsala (Chestnut Bob),2
Simple CNN from scratch,13,Psyllobora vigintiduopunctata (22-spot Ladybird Beetle),Coccinellidae,Psyllobora,10,0,0.0,66,Iambrix salsala (Chestnut Bob),2
Simple CNN from scratch,15,Oedemera femorata,Oedemeridae,Oedemera,10,0,0.0,201,Saltator coerulescens (Grayish Saltator),2
Simple CNN from scratch,18,Calliphora vicina (Blue Blowfly),Calliphoridae,Calliphora,10,0,0.0,217,Phalacrocorax penicillatus (Brandt's Cormorant),2
Simple CNN from scratch,21,Eristalis stipator (Yellow-shouldered Drone Fly),Syrphidae,Eristalis,10,0,0.0,119,Erpetogomphus designatus (Eastern Ringtail),2
Simple CNN from scratch,22,Eristalis transversa (Transverse-banded Flower Fly),Syrphidae,Eristalis,10,0,0.0,8,Chauliognathus pensylvanicus (Goldenrod Soldier Beetle),2
Simple CNN from scratch,23,Toxomerus politus (Maize Calligrapher Fly),Syrphidae,Toxomerus,10,0,0.0,110,Cydia latiferreana (Filbertworm Moth),2
Simple CNN from scratch,25,Acanthocephala femorata (Florida Leaf-footed Bug),Coreidae,Acanthocephala,10,0,0.0,76,Cyaniris semiargus (Mazarine Blue),2
Simple CNN from scratch,26,Leptoglossus clypealis (Western Leaf-footed Bug),Coreidae,Leptoglossus,10,0,0.0,119,Erpetogomphus designatus (Eastern Ringtail),2
Simple CNN from scratch,27,Leptoglossus occidentalis (Western Conifer Seed Bug),Coreidae,Leptoglossus,10,0,0.0,48,Urola nivalis (Snowy Urola Moth),2
Simple CNN from scratch,28,Adelphocoris lineolatus (Alfalfa Plant Bug),Miridae,Adelphocoris,10,0,0.0,118,Enallagma geminatum (Skimming Bluet),2
Simple CNN from scratch,29,Graphosoma italicum (European Striped Shield Bug),Pentatomidae,Graphosoma,10,0,0.0,115,Libelloides coccajus (Owly Sulphur),2
Simple CNN from scratch,30,Halyomorpha halys (Brown Marmorated Stink Bug),Pentatomidae,Halyomorpha,10,0,0.0,164,Numenius madagascariensis (Far Eastern Curlew),2
Simple CNN from scratch,32,Phymata americana (Jagged Ambush Bug),Reduviidae,Phymata,10,0,0.0,374,Mentzelia hispida (Streambank Stickleaf),2
Simple CNN from scratch,33,Andrena cineraria (Ashy Mining Bee),Andrenidae,Andrena,10,0,0.0,274,Xylobolus frustulatus (ceramic parchment),2
Simple CNN from scratch,34,Xylocopa micans (Southern Carpenter Bee),Apidae,Xylocopa,10,0,0.0,454,Aquilegia vulgaris (common columbine),2
Simple CNN from scratch,35,Cimbex americanus (Elm Sawfly),Cimbicidae,Cimbex,10,0,0.0,361,Stellaria graminea (lesser stitchwort),2
Simple CNN from scratch,36,Amphibolips confluenta (Spongy Oak Apple Gall Wasp),Cynipidae,Amphibolips,10,0,0.0,76,Cyaniris semiargus (Mazarine Blue),2
Simple CNN from scratch,37,Camponotus floridanus (Florida Carpenter Ant),Formicidae,Camponotus,10,0,0.0,119,Erpetogomphus designatus (Eastern Ringtail),2
Simple CNN from scratch,38,Camponotus novaeboracensis (New York Carpenter Ant),Formicidae,Camponotus,10,0,0.0,48,Urola nivalis (Snowy Urola Moth),2
Simple CNN from scratch,41,Ammophila procera (Common Thread-waisted Wasp),Sphecidae,Ammophila,10,0,0.0,247,Crotalus oreganus (Western Rattlesnake),2
Simple CNN from scratch,42,Mischocyttarus flavitarsis (Western Paper Wasp),Vespidae,Mischocyttarus,10,0,0.0,119,Erpetogomphus designatus (Eastern Ringtail),2
Simple CNN from scratch,44,Agriphila straminella (Pearl Veneer),Crambidae,Agriphila,10,0,0.0,110,Cydia latiferreana (Filbertworm Moth),2
Simple CNN from scratch,48,Urola nivalis (Snowy Urola Moth),Crambidae,Urola,10,0,0.0,110,Cydia latiferreana (Filbertworm Moth),2
Simple CNN from scratch,52,Hypena bijugalis (Dimorphic Bomolocha Moth),Erebidae,Hypena,10,0,0.0,48,Urola nivalis (Snowy Urola Moth),2
Simple CNN from scratch,53,Melipotis acontioides (Royal Poinciana Moth),Erebidae,Melipotis,10,0,0.0,273,Hericium americanum (Bear's Head Tooth),2
Simple CNN from scratch,54,Pantydia sparsa,Erebidae,Pantydia,10,0,0.0,273,Hericium americanum (Bear's Head Tooth),2
Simple CNN from scratch,59,Ilexia intractata (Black-dotted Ruddy Moth),Geometridae,Ilexia,10,0,0.0,110,Cydia latiferreana (Filbertworm Moth),2
Simple CNN from scratch,61,Tetracis cachexiata (White Slant-line),Geometridae,Tetracis,10,0,0.0,156,Charadrius wilsonia (Wilson's Plover),2
Simple CNN from scratch,63,Ancyloxypha numitor (Least Skipper),Hesperiidae,Ancyloxypha,10,0,0.0,74,Catochrysops strabo (Forget-me-not),2
Simple CNN from scratch,64,Burnsius philetas (Desert Checkered-Skipper),Hesperiidae,Burnsius,10,0,0.0,247,Crotalus oreganus (Western Rattlesnake),2
Simple CNN from scratch,71,Urbanus dorantes (Dorantes Longtail),Hesperiidae,Urbanus,10,0,0.0,8,Chauliognathus pensylvanicus (Goldenrod Soldier Beetle),2
Simple CNN from scratch,72,Euclea incisa (Green Oak-Slug Moth),Limacodidae,Euclea,10,0,0.0,273,Hericium americanum (Bear's Head Tooth),2
Simple CNN from scratch,75,Celastrina ladon (Spring Azure),Lycaenidae,Celastrina,10,0,0.0,274,Xylobolus frustulatus (ceramic parchment),2
Simple CNN from scratch,78,Leptotes marina (Marine Blue),Lycaenidae,Leptotes,10,0,0.0,76,Cyaniris semiargus (Mazarine Blue),2
Simple CNN from scratch,80,Autographa californica (Alfalfa Looper),Noctuidae,Autographa,10,0,0.0,217,Phalacrocorax penicillatus (Brandt's Cormorant),2
Simple CNN from scratch,81,Lithacodia musta (Small Mossy Lithacodia),Noctuidae,Lithacodia,10,0,0.0,51,Catocala ilia (Ilia Underwing),2
Simple CNN from scratch,82,Maliattha synochitis (Black-dotted Maliattha),Noctuidae,Maliattha,10,0,0.0,217,Phalacrocorax penicillatus (Brandt's Cormorant),2
Simple CNN from scratch,84,Pseudoips prasinana (Green Silver-lines),Nolidae,Pseudoips,10,0,0.0,48,Urola nivalis (Snowy Urola Moth),2
Simple CNN from scratch,86,Brenthis ino (Lesser Marbled Fritillary),Nymphalidae,Brenthis,10,0,0.0,40,Augochloropsis metallica (Metallic Epauletted-Sweat Bee),2
Simple CNN from scratch,87,Doxocopa laure (Silver Emperor),Nymphalidae,Doxocopa,10,0,0.0,76,Cyaniris semiargus (Mazarine Blue),2
Simple CNN from scratch,91,Nymphalis antiopa (Mourning Cloak),Nymphalidae,Nymphalis,10,0,0.0,273,Hericium americanum (Bear's Head Tooth),2
Simple CNN from scratch,93,Papilio anactus (Dainty Swallowtail),Papilionidae,Papilio,10,0,0.0,76,Cyaniris semiargus (Mazarine Blue),2
Simple CNN from scratch,94,Papilio thoas (Thoas Swallowtail),Papilionidae,Papilio,10,0,0.0,268,Roridomyces austrororidus,2
Simple CNN from scratch,99,Calephelis nemesis (Fatal Metalmark),Riodinidae,Calephelis,10,0,0.0,247,Crotalus oreganus (Western Rattlesnake),2
Simple CNN from scratch,100,Melanis pixe (Red-bordered Pixie),Riodinidae,Melanis,10,0,0.0,40,Augochloropsis metallica (Metallic Epauletted-Sweat Bee),2
Simple CNN from scratch,102,Hemileuca maia (Buck Moth),Saturniidae,Hemileuca,10,0,0.0,273,Hericium americanum (Bear's Head Tooth),2
Simple CNN from scratch,103,Saturnia pavonia (Small Emperor Moth),Saturniidae,Saturnia,10,0,0.0,274,Xylobolus frustulatus (ceramic parchment),2
Simple CNN from scratch,106,Hippotion scrofa,Sphingidae,Hippotion,10,0,0.0,273,Hericium americanum (Bear's Head Tooth),2
Simple CNN from scratch,107,Paonias excaecata (Blinded Sphinx Moth),Sphingidae,Paonias,10,0,0.0,110,Cydia latiferreana (Filbertworm Moth),2
Simple CNN from scratch,111,Epiblema otiosana (Bidens Borer Moth),Tortricidae,Epiblema,10,0,0.0,46,Perispasta caeculalis (Titian Peale's Crambid),2
Simple CNN from scratch,112,Platynota rostrana (Omnivorous Platynota Moth),Tortricidae,Platynota,10,0,0.0,46,Perispasta caeculalis (Titian Peale's Crambid),2
Simple CNN from scratch,113,Orthodera ministralis (Australian Green Mantis),Mantidae,Orthodera,10,0,0.0,268,Roridomyces austrororidus,2
Simple CNN from scratch,124,Schistocerca obscura (Obscure Bird Grasshopper),Acrididae,Schistocerca,10,0,0.0,156,Charadrius wilsonia (Wilson's Plover),2
Simple CNN from scratch,125,Conocephalus fuscus (Long-winged Conehead),Tettigoniidae,Conocephalus,10,0,0.0,115,Libelloides coccajus (Owly Sulphur),2
Simple CNN from scratch,127,Petrolisthes elongatus (New Zealand Half Crab),Porcellanidae,Petrolisthes,10,0,0.0,273,Hericium americanum (Bear's Head Tooth),2
Simple CNN from scratch,129,Rhinichthys atratulus (Blacknose Dace),Cyprinidae,Rhinichthys,10,0,0.0,56,Chlorochlamys chloroleucaria (Blackberry Looper),2
Simple CNN from scratch,130,Squalius cephalus (Chub),Cyprinidae,Squalius,10,0,0.0,156,Charadrius wilsonia (Wilson's Plover),2
Simple CNN from scratch,132,Chaetodon capistratus (Four-eyed Butterflyfish),Chaetodontidae,Chaetodon,10,0,0.0,219,Ginglymostoma cirratum (Nurse Shark),2
Simple CNN from scratch,135,Perca flavescens (Yellow Perch),Percidae,Perca,10,0,0.0,273,Hericium americanum (Bear's Head Tooth),2
Simple CNN from scratch,137,Aplodinotus grunniens (Freshwater Drum),Sciaenidae,Aplodinotus,10,0,0.0,246,Plestiodon obsoletus (Great Plains Skink),2
Simple CNN from scratch,140,Hippocampus histrix (Spiny Seahorse),Syngnathidae,Hippocampus,10,0,0.0,273,Hericium americanum (Bear's Head Tooth),2
Simple CNN from scratch,142,Litoria fallax (Eastern Dwarf Treefrog),Pelodryadidae,Litoria,10,0,0.0,119,Erpetogomphus designatus (Eastern Ringtail),2
Simple CNN from scratch,145,Triturus carnifex (Italian Crested Newt),Salamandridae,Triturus,10,0,0.0,273,Hericium americanum (Bear's Head Tooth),2
Simple CNN from scratch,148,Anas georgica (Yellow-billed Pintail),Anatidae,Anas,10,0,0.0,217,Phalacrocorax penicillatus (Brandt's Cormorant),2
Simple CNN from scratch,149,Cygnus olor (Mute Swan),Anatidae,Cygnus,10,0,0.0,217,Phalacrocorax penicillatus (Brandt's Cormorant),2
Simple CNN from scratch,151,Mergellus albellus (Smew),Anatidae,Mergellus,10,0,0.0,146,Aquila heliaca (Imperial Eagle),2
Simple CNN from scratch,162,Larus cachinnans (Caspian Gull),Laridae,Larus,10,0,0.0,156,Charadrius wilsonia (Wilson's Plover),2
Simple CNN from scratch,165,Tringa glareola (Wood Sandpiper),Scolopacidae,Tringa,10,0,0.0,115,Libelloides coccajus (Owly Sulphur),2
Simple CNN from scratch,167,Pavo cristatus (Common Peafowl),Phasianidae,Pavo,10,0,0.0,325,Eupatorium altissimum (tall boneset),2
Simple CNN from scratch,170,Pheucticus chrysopeplus (Yellow Grosbeak),Cardinalidae,Pheucticus,10,0,0.0,188,Setophaga cerulea (Cerulean Warbler),2
Simple CNN from scratch,175,Taeniopygia bichenovii (Double-barred Finch),Estrildidae,Taeniopygia,10,0,0.0,115,Libelloides coccajus (Owly Sulphur),2
Simple CNN from scratch,176,Loxia curvirostra (Red Crossbill),Fringillidae,Loxia,10,0,0.0,256,Phyllidia varicosa (Varicose Wart Slug),2
Simple CNN from scratch,177,Hirundo rustica (Barn Swallow),Hirundinidae,Hirundo,10,0,0.0,217,Phalacrocorax penicillatus (Brandt's Cormorant),2
Simple CNN from scratch,178,Riparia riparia (Bank Swallow),Hirundinidae,Riparia,10,0,0.0,146,Aquila heliaca (Imperial Eagle),2
Simple CNN from scratch,179,Stelgidopteryx ruficollis (Southern Rough-winged Swallow),Hirundinidae,Stelgidopteryx,10,0,0.0,146,Aquila heliaca (Imperial Eagle),2
Simple CNN from scratch,180,Tachycineta thalassina (Violet-green Swallow),Hirundinidae,Tachycineta,10,0,0.0,217,Phalacrocorax penicillatus (Brandt's Cormorant),2
Simple CNN from scratch,181,Agelaius tricolor (Tricolored Blackbird),Icteridae,Agelaius,10,0,0.0,217,Phalacrocorax penicillatus (Brandt's Cormorant),2
Simple CNN from scratch,182,Quiscalus quiscula (Common Grackle),Icteridae,Quiscalus,10,0,0.0,155,Charadrius obscurus (Red-breasted Dotterel),2
Simple CNN from scratch,184,Anthus pratensis (Meadow Pipit),Motacillidae,Anthus,10,0,0.0,115,Libelloides coccajus (Owly Sulphur),2
Simple CNN from scratch,185,Oenanthe familiaris (Familiar Chat),Muscicapidae,Oenanthe,10,0,0.0,240,Tantilla gracilis (Flat-headed Snake),2
Simple CNN from scratch,186,Poecile hudsonicus (Boreal Chickadee),Paridae,Poecile,10,0,0.0,172,Corvus ossifragus (Fish Crow),2
Simple CNN from scratch,187,Poecile rufescens (Chestnut-backed Chickadee),Paridae,Poecile,10,0,0.0,217,Phalacrocorax penicillatus (Brandt's Cormorant),2
Simple CNN from scratch,189,Setophaga citrina (Hooded Warbler),Parulidae,Setophaga,10,0,0.0,273,Hericium americanum (Bear's Head Tooth),2
Simple CNN from scratch,191,Setophaga ruticilla (American Redstart),Parulidae,Setophaga,10,0,0.0,188,Setophaga cerulea (Cerulean Warbler),2
Simple CNN from scratch,195,Pipilo erythrophthalmus (Eastern Towhee),Passerellidae,Pipilo,10,0,0.0,203,Contopus cooperi (Olive-sided Flycatcher),2
Simple CNN from scratch,197,Petroica macrocephala (Tomtit),Petroicidae,Petroica,10,0,0.0,273,Hericium americanum (Bear's Head Tooth),2
Simple CNN from scratch,198,Regulus ignicapilla (Common Firecrest),Regulidae,Regulus,10,0,0.0,240,Tantilla gracilis (Flat-headed Snake),2
Simple CNN from scratch,199,Sitta pusilla (Brown-headed Nuthatch),Sittidae,Sitta,10,0,0.0,217,Phalacrocorax penicillatus (Brandt's Cormorant),2
Simple CNN from scratch,200,Chamaea fasciata (Wrentit),Sylviidae,Chamaea,10,0,0.0,413,Salvia apiana (white sage),2
Simple CNN from scratch,201,Saltator coerulescens (Grayish Saltator),Thraupidae,Saltator,10,0,0.0,118,Enallagma geminatum (Skimming Bluet),2
Simple CNN from scratch,202,Thraupis episcopus (Blue-gray Tanager),Thraupidae,Thraupis,10,0,0.0,100,Melanis pixe (Red-bordered Pixie),2
Simple CNN from scratch,204,Contopus sordidulus (Western Wood-Pewee),Tyrannidae,Contopus,10,0,0.0,76,Cyaniris semiargus (Mazarine Blue),2
Simple CNN from scratch,206,Fluvicola nengeta (Masked Water-Tyrant),Tyrannidae,Fluvicola,10,0,0.0,221,Tragelaphus oryx (Eland),2
Simple CNN from scratch,207,Myiarchus cinerascens (Ash-throated Flycatcher),Tyrannidae,Myiarchus,10,0,0.0,203,Contopus cooperi (Olive-sided Flycatcher),2
Simple CNN from scratch,210,Cochlearius cochlearius (Boat-billed Heron),Ardeidae,Cochlearius,10,0,0.0,204,Contopus sordidulus (Western Wood-Pewee),2
Simple CNN from scratch,211,Nycticorax nycticorax (Black-crowned Night Heron),Ardeidae,Nycticorax,10,0,0.0,274,Xylobolus frustulatus (ceramic parchment),2
Simple CNN from scratch,213,Phoenicopterus ruber (American Flamingo),Phoenicopteridae,Phoenicopterus,10,0,0.0,47,Pyrausta volupialis (Volupial Pyrausta Moth),2
Simple CNN from scratch,214,Dryobates pubescens (Downy Woodpecker),Picidae,Dryobates,10,0,0.0,217,Phalacrocorax penicillatus (Brandt's Cormorant),2
Simple CNN from scratch,215,Megascops asio (Eastern Screech-Owl),Strigidae,Megascops,10,0,0.0,273,Hericium americanum (Bear's Head Tooth),2
Simple CNN from scratch,222,Odocoileus virginianus (White-tailed Deer),Cervidae,Odocoileus,10,0,0.0,274,Xylobolus frustulatus (ceramic parchment),2
Simple CNN from scratch,223,Canis lupus (Gray Wolf),Canidae,Canis,10,0,0.0,46,Perispasta caeculalis (Titian Peale's Crambid),2
Simple CNN from scratch,226,Mephitis macroura (Hooded Skunk),Mephitidae,Mephitis,10,0,0.0,273,Hericium americanum (Bear's Head Tooth),2
Simple CNN from scratch,227,Phocarctos hookeri (New Zealand Sea Lion),Otariidae,Phocarctos,10,0,0.0,159,Haematopus palliatus (American Oystercatcher),2
Simple CNN from scratch,228,Galeopterus variegatus (Sunda Flying Lemur),Cynocephalidae,Galeopterus,10,0,0.0,76,Cyaniris semiargus (Mazarine Blue),2
Simple CNN from scratch,230,Castor canadensis (American Beaver),Castoridae,Castor,10,0,0.0,217,Phalacrocorax penicillatus (Brandt's Cormorant),2
Simple CNN from scratch,231,Myodes glareolus (Bank Vole),Cricetidae,Myodes,10,0,0.0,217,Phalacrocorax penicillatus (Brandt's Cormorant),2
Simple CNN from scratch,233,Sciurus aureogaster (Red-bellied Squirrel),Sciuridae,Sciurus,10,0,0.0,214,Dryobates pubescens (Downy Woodpecker),2
Simple CNN from scratch,235,Crocodylus moreletii (Belize Crocodile),Crocodylidae,Crocodylus,10,0,0.0,217,Phalacrocorax penicillatus (Brandt's Cormorant),2
Simple CNN from scratch,237,Gerrhonotus infernalis (Texas Alligator Lizard),Anguidae,Gerrhonotus,10,0,0.0,273,Hericium americanum (Bear's Head Tooth),2
Simple CNN from scratch,238,Dendrelaphis pictus (Common Bronze-back),Colubridae,Dendrelaphis,10,0,0.0,268,Roridomyces austrororidus,2
Simple CNN from scratch,241,Zamenis longissimus (Aesculapian Snake),Colubridae,Zamenis,10,0,0.0,274,Xylobolus frustulatus (ceramic parchment),2
Simple CNN from scratch,242,Basiliscus vittatus (Brown Basilisk),Corytophanidae,Basiliscus,10,0,0.0,274,Xylobolus frustulatus (ceramic parchment),2
Simple CNN from scratch,244,Iguana iguana (Green Iguana),Iguanidae,Iguana,10,0,0.0,361,Stellaria graminea (lesser stitchwort),2
Simple CNN from scratch,250,Clinocardium nuttallii (Nuttall's Cockle),Cardiidae,Clinocardium,10,0,0.0,247,Crotalus oreganus (Western Rattlesnake),2
Simple CNN from scratch,257,Rumina decollata (Decollate Snail),Achatinidae,Rumina,10,0,0.0,253,Californiconus californicus (California Cone),2
Simple CNN from scratch,258,Cepaea hortensis (White-lipped Snail),Helicidae,Cepaea,10,0,0.0,273,Hericium americanum (Bear's Head Tooth),2
Simple CNN from scratch,259,Helix lucorum (Turkish Snail),Helicidae,Helix,10,0,0.0,274,Xylobolus frustulatus (ceramic parchment),2
Simple CNN from scratch,264,Agaricus xanthodermus (Yellow Stainer),Agaricaceae,Agaricus,10,0,0.0,265,Chlorophyllum molybdites (green-spored parasol),2
Simple CNN from scratch,267,Lichenomphalia umbellifera (Lichen Agaric),Hygrophoraceae,Lichenomphalia,10,0,0.0,268,Roridomyces austrororidus,2
Simple CNN from scratch,269,Chalciporus piperatus (Peppery Bolete),Boletaceae,Chalciporus,10,0,0.0,57,Colotois pennaria (Feathered Thorn),2
Simple CNN from scratch,275,Rhizomnium glabrescens (fan moss),Mniaceae,Rhizomnium,10,0,0.0,426,Veronica filiformis (Slender speedwell),2
Simple CNN from scratch,277,Codium fragile (Sponge Weed),Codiaceae,Codium,10,0,0.0,171,Certhia americana (Brown Creeper),2
Simple CNN from scratch,278,Radula complanata (Flat-leaved Scalewort),Radulaceae,Radula,10,0,0.0,396,Melilotus albus (white sweet clover),2
Simple CNN from scratch,281,Allium cernuum (nodding onion),Amaryllidaceae,Allium,10,0,0.0,426,Veronica filiformis (Slender speedwell),2
Simple CNN from scratch,283,Asparagus acutifolius (Spiny Asparagus),Asparagaceae,Asparagus,10,0,0.0,325,Eupatorium altissimum (tall boneset),2
Simple CNN from scratch,284,Asparagus officinalis (asparagus),Asparagaceae,Asparagus,10,0,0.0,115,Libelloides coccajus (Owly Sulphur),2
Simple CNN from scratch,286,Muscari neglectum (Grape hyacinth),Asparagaceae,Muscari,10,0,0.0,454,Aquilegia vulgaris (common columbine),2
Simple CNN from scratch,288,Phormium cookianum (Mountain flax),Asphodelaceae,Phormium,10,0,0.0,382,Ceratiola ericoides (sand heath),2
Simple CNN from scratch,290,Cephalanthera rubra (Red Helleborine),Orchidaceae,Cephalanthera,10,0,0.0,454,Aquilegia vulgaris (common columbine),2
Simple CNN from scratch,291,Dactylorhiza fuchsii (Common Spotted Orchid),Orchidaceae,Dactylorhiza,10,0,0.0,454,Aquilegia vulgaris (common columbine),2
Simple CNN from scratch,292,Goodyera tesselata (checkered rattlesnake plantain),Orchidaceae,Goodyera,10,0,0.0,274,Xylobolus frustulatus (ceramic parchment),2
Simple CNN from scratch,297,Erythronium oregonum (giant white fawn lily),Liliaceae,Erythronium,10,0,0.0,115,Libelloides coccajus (Owly Sulphur),2
Simple CNN from scratch,298,Fritillaria recurva (scarlet fritillary),Liliaceae,Fritillaria,10,0,0.0,454,Aquilegia vulgaris (common columbine),2
Simple CNN from scratch,302,Trillium undulatum (painted trillium),Melanthiaceae,Trillium,10,0,0.0,454,Aquilegia vulgaris (common columbine),2
Simple CNN from scratch,303,Smilax glauca (sawbrier),Smilacaceae,Smilax,10,0,0.0,274,Xylobolus frustulatus (ceramic parchment),2
Simple CNN from scratch,306,Paspalum dilatatum (Dallis grass),Poaceae,Paspalum,10,0,0.0,396,Melilotus albus (white sweet clover),2
Simple CNN from scratch,308,Setaria viridis (Green Bristle Grass),Poaceae,Setaria,10,0,0.0,454,Aquilegia vulgaris (common columbine),2
Simple CNN from scratch,310,Themeda triandra (Kangaroo Grass),Poaceae,Themeda,10,0,0.0,279,Ephedra trifurca (longleaf ephedra),2
Simple CNN from scratch,311,Dendrolycopodium obscurum (princess pine),Lycopodiaceae,Dendrolycopodium,10,0,0.0,314,Fatsia japonica (Japanese aralia),2
Simple CNN from scratch,312,Chaerophyllum aromaticum (Broad-leaved Chervil),Apiaceae,Chaerophyllum,10,0,0.0,314,Fatsia japonica (Japanese aralia),2
Simple CNN from scratch,315,Panax trifolius (dwarf ginseng),Araliaceae,Panax,10,0,0.0,268,Roridomyces austrororidus,2
Simple CNN from scratch,316,Schefflera actinophylla (Octopus Tree),Araliaceae,Schefflera,10,0,0.0,314,Fatsia japonica (Japanese aralia),2
Simple CNN from scratch,317,Ilex opaca (American holly),Aquifoliaceae,Ilex,10,0,0.0,378,Viburnum acerifolium (mapleleaf viburnum),2
Simple CNN from scratch,320,Artemisia vulgaris (common mugwort),Asteraceae,Artemisia,10,0,0.0,451,Actaea racemosa (black cohosh),2
Simple CNN from scratch,324,Erigeron sumatrensis (tropical horseweed),Asteraceae,Erigeron,10,0,0.0,115,Libelloides coccajus (Owly Sulphur),2
Simple CNN from scratch,329,Hymenopappus artemisiifolius (Old Plainsman),Asteraceae,Hymenopappus,10,0,0.0,115,Libelloides coccajus (Owly Sulphur),2
Simple CNN from scratch,330,Leucanthemum vulgare (oxeye daisy),Asteraceae,Leucanthemum,10,0,0.0,426,Veronica filiformis (Slender speedwell),2
Simple CNN from scratch,331,Melanthera nivea (Snow Squarestem),Asteraceae,Melanthera,10,0,0.0,118,Enallagma geminatum (Skimming Bluet),2
Simple CNN from scratch,332,Nabalus albus (white rattlesnakeroot),Asteraceae,Nabalus,10,0,0.0,210,Cochlearius cochlearius (Boat-billed Heron),2
Simple CNN from scratch,337,Silphium terebinthinaceum (prairie dock),Asteraceae,Silphium,10,0,0.0,361,Stellaria graminea (lesser stitchwort),2
Simple CNN from scratch,339,Sonchus asper (prickly sowthistle),Asteraceae,Sonchus,10,0,0.0,483,Solanum dimidiatum (western horsenettle),2
Simple CNN from scratch,343,Jasione montana (Sheep's-bit),Campanulaceae,Jasione,10,0,0.0,76,Cyaniris semiargus (Mazarine Blue),2
Simple CNN from scratch,347,Cakile maritima (European Searocket),Brassicaceae,Cakile,10,0,0.0,325,Eupatorium altissimum (tall boneset),2
Simple CNN from scratch,348,Cardamine hirsuta (hairy bittercress),Brassicaceae,Cardamine,10,0,0.0,314,Fatsia japonica (Japanese aralia),2
Simple CNN from scratch,350,Dithyrea californica (California shieldpod),Brassicaceae,Dithyrea,10,0,0.0,158,Vanellus coronatus (Crowned Lapwing),2
Simple CNN from scratch,353,Anredera cordifolia (Mignonette vine),Basellaceae,Anredera,10,0,0.0,480,Tolmiea menziesii (youth on age),2
Simple CNN from scratch,362,Montia parvifolia (Small-leaved Blinks),Montiaceae,Montia,10,0,0.0,426,Veronica filiformis (Slender speedwell),2
Simple CNN from scratch,364,Bistorta vivipara (alpine bistort),Polygonaceae,Bistorta,10,0,0.0,361,Stellaria graminea (lesser stitchwort),2
Simple CNN from scratch,365,Eriogonum deflexum (skeleton weed),Polygonaceae,Eriogonum,10,0,0.0,240,Tantilla gracilis (Flat-headed Snake),2
Simple CNN from scratch,366,Fallopia cilinodis (Fringed Bindweed),Polygonaceae,Fallopia,10,0,0.0,480,Tolmiea menziesii (youth on age),2
Simple CNN from scratch,367,Persicaria maculosa (redshank),Polygonaceae,Persicaria,10,0,0.0,480,Tolmiea menziesii (youth on age),2
Simple CNN from scratch,371,Rumex hymenosepalus (canaigre dock),Polygonaceae,Rumex,10,0,0.0,325,Eupatorium altissimum (tall boneset),2
Simple CNN from scratch,377,Symphoricarpos occidentalis (Western Snowberry),Caprifoliaceae,Symphoricarpos,10,0,0.0,361,Stellaria graminea (lesser stitchwort),2
Simple CNN from scratch,384,Erica coccinea (Red Heath),Ericaceae,Erica,10,0,0.0,450,Mimetes cucullatus (red pagoda),2
Simple CNN from scratch,385,Gaultheria antipoda,Ericaceae,Gaultheria,10,0,0.0,325,Eupatorium altissimum (tall boneset),2
Simple CNN from scratch,387,Leptecophylla juniperina (Prickly mingimingi),Ericaceae,Leptecophylla,10,0,0.0,396,Melilotus albus (white sweet clover),2
Simple CNN from scratch,391,Phlox longifolia (longleaf phlox),Polemoniaceae,Phlox,10,0,0.0,454,Aquilegia vulgaris (common columbine),2
Simple CNN from scratch,392,Androsace septentrionalis (pygmy-flower rock-jasmine),Primulaceae,Androsace,10,0,0.0,274,Xylobolus frustulatus (ceramic parchment),2
Simple CNN from scratch,395,Cytisus scoparius (Scotch Broom),Fabaceae,Cytisus,10,0,0.0,441,Salix nigra (black willow),2
Simple CNN from scratch,398,Robinia pseudoacacia (black locust),Fabaceae,Robinia,10,0,0.0,115,Libelloides coccajus (Owly Sulphur),2
Simple CNN from scratch,401,Polygala rugelii (Yellow milkwort),Polygalaceae,Polygala,10,0,0.0,8,Chauliognathus pensylvanicus (Goldenrod Soldier Beetle),2
Simple CNN from scratch,403,Quercus phellos (willow oak),Fagaceae,Quercus,10,0,0.0,426,Veronica filiformis (Slender speedwell),2
Simple CNN from scratch,406,Frasera caroliniensis (American columbo),Gentianaceae,Frasera,10,0,0.0,76,Cyaniris semiargus (Mazarine Blue),2
Simple CNN from scratch,407,Coprosma dumosa,Rubiaceae,Coprosma,10,0,0.0,413,Salvia apiana (white sage),2
Simple CNN from scratch,411,Melissa officinalis (lemon balm),Lamiaceae,Melissa,10,0,0.0,361,Stellaria graminea (lesser stitchwort),2
Simple CNN from scratch,412,Monarda punctata (spotted horse mint),Lamiaceae,Monarda,10,0,0.0,325,Eupatorium altissimum (tall boneset),2
Simple CNN from scratch,414,Salvia columbariae (chia),Lamiaceae,Salvia,10,0,0.0,274,Xylobolus frustulatus (ceramic parchment),2
Simple CNN from scratch,417,Vitex agnus-castus (Lilac chaste tree),Lamiaceae,Vitex,10,0,0.0,454,Aquilegia vulgaris (common columbine),2
Simple CNN from scratch,418,Castilleja arvensis (field Indian paintbrush),Orobanchaceae,Castilleja,10,0,0.0,476,Aesculus pavia (Red Buckeye),2
Simple CNN from scratch,421,Odontites vulgaris (Red Odontites),Orobanchaceae,Odontites,10,0,0.0,115,Libelloides coccajus (Owly Sulphur),2
Simple CNN from scratch,422,Pedicularis densiflora (Indian Warrior),Orobanchaceae,Pedicularis,10,0,0.0,274,Xylobolus frustulatus (ceramic parchment),2
Simple CNN from scratch,423,Erythranthe cardinalis (scarlet monkeyflower),Phrymaceae,Erythranthe,10,0,0.0,298,Fritillaria recurva (scarlet fritillary),2
Simple CNN from scratch,424,Phryma leptostachya (American lopseed),Phrymaceae,Phryma,10,0,0.0,361,Stellaria graminea (lesser stitchwort),2
Simple CNN from scratch,428,Verbascum nigrum (Dark Mullein),Scrophulariaceae,Verbascum,10,0,0.0,8,Chauliognathus pensylvanicus (Goldenrod Soldier Beetle),2
Simple CNN from scratch,432,Asimina triloba (common pawpaw),Annonaceae,Asimina,10,0,0.0,76,Cyaniris semiargus (Mazarine Blue),2
Simple CNN from scratch,433,Magnolia tripetala (umbrella magnolia),Magnoliaceae,Magnolia,10,0,0.0,361,Stellaria graminea (lesser stitchwort),2
Simple CNN from scratch,434,Acalypha rhomboidea (common copperleaf),Euphorbiaceae,Acalypha,10,0,0.0,314,Fatsia japonica (Japanese aralia),2
Simple CNN from scratch,435,Croton glandulosus (Tropic Croton),Euphorbiaceae,Croton,10,0,0.0,470,Laportea canadensis (Canadian wood nettle),2
Simple CNN from scratch,439,Salix bebbiana (bebb's willow),Salicaceae,Salix,10,0,0.0,66,Iambrix salsala (Chestnut Bob),2
Simple CNN from scratch,442,Viola rotundifolia (Round-leaved Violet),Violaceae,Viola,10,0,0.0,262,Teloschistes flavicans (Golden Hair-lichen),2
Simple CNN from scratch,446,Oenothera rosea (rose evening primrose),Onagraceae,Oenothera,10,0,0.0,454,Aquilegia vulgaris (common columbine),2
Simple CNN from scratch,449,Leucadendron laureolum (Golden Sunshinebush),Proteaceae,Leucadendron,10,0,0.0,325,Eupatorium altissimum (tall boneset),2
Simple CNN from scratch,456,Clematis virginiana (Virginia virgin's-bower),Ranunculaceae,Clematis,10,0,0.0,361,Stellaria graminea (lesser stitchwort),2
Simple CNN from scratch,457,Pulsatilla patens (eastern pasqueflower),Ranunculaceae,Pulsatilla,10,0,0.0,274,Xylobolus frustulatus (ceramic parchment),2
Simple CNN from scratch,459,Morus indica (Korean mulberry),Moraceae,Morus,10,0,0.0,76,Cyaniris semiargus (Mazarine Blue),2
Simple CNN from scratch,460,Crataegus marshallii (parsley hawthorn),Rosaceae,Crataegus,10,0,0.0,483,Solanum dimidiatum (western horsenettle),2
Simple CNN from scratch,462,Potentilla canadensis (dwarf cinquefoil),Rosaceae,Potentilla,10,0,0.0,66,Iambrix salsala (Chestnut Bob),2
Simple CNN from scratch,464,Prunus pumila (sand cherry),Rosaceae,Prunus,10,0,0.0,201,Saltator coerulescens (Grayish Saltator),2
Simple CNN from scratch,465,Prunus spinosa (Blackthorn),Rosaceae,Prunus,10,0,0.0,426,Veronica filiformis (Slender speedwell),2
Simple CNN from scratch,466,Rubus bifrons (Himalayan-berry),Rosaceae,Rubus,10,0,0.0,490,Abies concolor (white fir),2
Simple CNN from scratch,468,Ulmus americana (American elm),Ulmaceae,Ulmus,10,0,0.0,470,Laportea canadensis (Canadian wood nettle),2
Simple CNN from scratch,469,Ulmus pumila (Siberian elm),Ulmaceae,Ulmus,10,0,0.0,361,Stellaria graminea (lesser stitchwort),2
Simple CNN from scratch,471,Urtica urens (Dwarf Nettle),Urticaceae,Urtica,10,0,0.0,314,Fatsia japonica (Japanese aralia),2
Simple CNN from scratch,477,Crassula ovata (jade plant),Crassulaceae,Crassula,10,0,0.0,282,Hymenocallis liriosme (spring spiderlily),2
Simple CNN from scratch,479,Ribes uva-crispa (Goose-berry),Grossulariaceae,Ribes,10,0,0.0,483,Solanum dimidiatum (western horsenettle),2
Simple CNN from scratch,481,Ipomoea coccinea (red morning glory),Convolvulaceae,Ipomoea,10,0,0.0,39,Augochlora pura (Pure Green Sweat Bee),2
Simple CNN from scratch,482,Ipomoea obscura (Obscure Morning Glory),Convolvulaceae,Ipomoea,10,0,0.0,273,Hericium americanum (Bear's Head Tooth),2
Simple CNN from scratch,484,Solanum elaeagnifolium (White Horse-nettle),Solanaceae,Solanum,10,0,0.0,219,Ginglymostoma cirratum (Nurse Shark),2
Simple CNN from scratch,485,Ampelopsis glandulosa (Porcelain Berry),Vitaceae,Ampelopsis,10,0,0.0,314,Fatsia japonica (Japanese aralia),2
Simple CNN from scratch,488,Taxodium distichum (baldcypress),Cupressaceae,Taxodium,10,0,0.0,273,Hericium americanum (Bear's Head Tooth),2
Simple CNN from scratch,489,Taxodium mucronatum (Montezuma cypress),Cupressaceae,Taxodium,10,0,0.0,441,Salix nigra (black willow),2
Simple CNN from scratch,493,Gleichenia dicarpa (tangle fern),Gleicheniaceae,Gleichenia,10,0,0.0,426,Veronica filiformis (Slender speedwell),2
Simple CNN from scratch,495,Lomaria discolor (Crown Fern),Blechnaceae,Lomaria,10,0,0.0,426,Veronica filiformis (Slender speedwell),2
Simple CNN from scratch,496,Cystopteris fragilis (brittle bladderfern),Cystopteridaceae,Cystopteris,10,0,0.0,497,Dennstaedtia punctilobula (hay-scented fern),2
Simple CNN from scratch,4,Paravaejovis puritanus,Vaejovidae,Paravaejovis,10,0,0.0,164,Numenius madagascariensis (Far Eastern Curlew),1
Simple CNN from scratch,9,Rutpela maculata (Spotted Longhorn),Cerambycidae,Rutpela,10,0,0.0,487,Sequoiadendron giganteum (giant sequoia),1
Simple CNN from scratch,17,Exomala orientalis (Oriental Beetle),Scarabaeidae,Exomala,10,0,0.0,48,Urola nivalis (Snowy Urola Moth),1
Simple CNN from scratch,24,Adelges tsugae (Hemlock Woolly Adelgid),Adelgidae,Adelges,10,0,0.0,325,Eupatorium altissimum (tall boneset),1
Simple CNN from scratch,31,Nezara viridula (Southern Green Stink Bug),Pentatomidae,Nezara,10,0,0.0,76,Cyaniris semiargus (Mazarine Blue),1
Simple CNN from scratch,67,Lerodea eufala (Eufala Skipper),Hesperiidae,Lerodea,10,0,0.0,28,Adelphocoris lineolatus (Alfalfa Plant Bug),1
Simple CNN from scratch,68,Lon melane (Umber Skipper),Hesperiidae,Lon,10,0,0.0,217,Phalacrocorax penicillatus (Brandt's Cormorant),1
Simple CNN from scratch,70,Thymelicus lineola (European Skipper),Hesperiidae,Thymelicus,10,0,0.0,115,Libelloides coccajus (Owly Sulphur),1
Simple CNN from scratch,77,Icaricia icarioides (Boisduval's Blue),Lycaenidae,Icaricia,10,0,0.0,76,Cyaniris semiargus (Mazarine Blue),1
Simple CNN from scratch,90,Limenitis arthemis (Red-spotted Admiral),Nymphalidae,Limenitis,10,0,0.0,66,Iambrix salsala (Chestnut Bob),1
Simple CNN from scratch,95,Eurema daira (Barred Yellow),Pieridae,Eurema,10,0,0.0,268,Roridomyces austrororidus,1
Simple CNN from scratch,96,Glutophrissa drusilla (Florida White),Pieridae,Glutophrissa,10,0,0.0,38,Camponotus novaeboracensis (New York Carpenter Ant),1
Simple CNN from scratch,105,Dolba hyloeus (Pawpaw Sphinx Moth),Sphingidae,Dolba,10,0,0.0,156,Charadrius wilsonia (Wilson's Plover),1
Simple CNN from scratch,120,Hagenius brevistylus (Dragonhunter),Gomphidae,Hagenius,10,0,0.0,361,Stellaria graminea (lesser stitchwort),1
Simple CNN from scratch,123,Pseudochorthippus curtipennis (Marsh meadow grasshopper),Acrididae,Pseudochorthippus,10,0,0.0,159,Haematopus palliatus (American Oystercatcher),1
Simple CNN from scratch,141,Pristimantis achatinus (Cachabi Robber Frog),Craugastoridae,Pristimantis,10,0,0.0,184,Anthus pratensis (Meadow Pipit),1
Simple CNN from scratch,153,Archilochus alexandri (Black-chinned Hummingbird),Trochilidae,Archilochus,10,0,0.0,203,Contopus cooperi (Olive-sided Flycatcher),1
Simple CNN from scratch,168,Zapornia flavirostra (Black Crake),Rallidae,Zapornia,10,0,0.0,274,Xylobolus frustulatus (ceramic parchment),1
Simple CNN from scratch,169,Passerina ciris (Painted Bunting),Cardinalidae,Passerina,10,0,0.0,181,Agelaius tricolor (Tricolored Blackbird),1
Simple CNN from scratch,173,Psilorhinus morio (Brown Jay),Corvidae,Psilorhinus,10,0,0.0,426,Veronica filiformis (Slender speedwell),1
Simple CNN from scratch,190,Setophaga dominica (Yellow-throated Warbler),Parulidae,Setophaga,10,0,0.0,188,Setophaga cerulea (Cerulean Warbler),1
Simple CNN from scratch,192,Vermivora chrysoptera (Golden-winged Warbler),Parulidae,Vermivora,10,0,0.0,66,Iambrix salsala (Chestnut Bob),1
Simple CNN from scratch,193,Calamospiza melanocorys (Lark Bunting),Passerellidae,Calamospiza,10,0,0.0,212,Pelecanus crispus (Dalmatian Pelican),1
Simple CNN from scratch,196,Eopsaltria australis (Eastern Yellow Robin),Petroicidae,Eopsaltria,10,0,0.0,217,Phalacrocorax penicillatus (Brandt's Cormorant),1
Simple CNN from scratch,209,Zosterops palpebrosus (Indian White-eye),Zosteropidae,Zosterops,10,0,0.0,203,Contopus cooperi (Olive-sided Flycatcher),1
Simple CNN from scratch,221,Tragelaphus oryx (Eland),Bovidae,Tragelaphus,10,0,0.0,156,Charadrius wilsonia (Wilson's Plover),1
Simple CNN from scratch,229,Macropus fuliginosus (Western Grey Kangaroo),Macropodidae,Macropus,10,0,0.0,240,Tantilla gracilis (Flat-headed Snake),1
Simple CNN from scratch,232,Marmota monax (Woodchuck),Sciuridae,Marmota,10,0,0.0,118,Enallagma geminatum (Skimming Bluet),1
Simple CNN from scratch,236,Anguis veronensis (Italian Slow Worm),Anguidae,Anguis,10,0,0.0,158,Vanellus coronatus (Crowned Lapwing),1
Simple CNN from scratch,251,Aliger gigas (Queen Conch),Strombidae,Aliger,10,0,0.0,294,Ophrys insectifera (Fly Orchid),1
Simple CNN from scratch,266,Amanita rubescens (blusher),Amanitaceae,Amanita,10,0,0.0,392,Androsace septentrionalis (pygmy-flower rock-jasmine),1
Simple CNN from scratch,272,Fomes fomentarius (Hoof Fungus),Polyporaceae,Fomes,10,0,0.0,457,Pulsatilla patens (eastern pasqueflower),1
Simple CNN from scratch,287,Asphodelus ramosus (Branched Asphodel),Asphodelaceae,Asphodelus,10,0,0.0,359,Honckenya peploides (Sea Sandwort),1
Simple CNN from scratch,293,Neottia nidus-avis (bird's-nest orchid),Orchidaceae,Neottia,10,0,0.0,76,Cyaniris semiargus (Mazarine Blue),1
Simple CNN from scratch,300,Lilium pardalinum (Leopard Lily),Liliaceae,Lilium,10,0,0.0,298,Fritillaria recurva (scarlet fritillary),1
Simple CNN from scratch,305,Schoenoplectus pungens (common three-square),Cyperaceae,Schoenoplectus,10,0,0.0,250,Clinocardium nuttallii (Nuttall's Cockle),1
Simple CNN from scratch,307,Poa annua (Annual Meadow-grass),Poaceae,Poa,10,0,0.0,62,Tetracis crocallata (Yellow Slant-line),1
Simple CNN from scratch,323,Crepis tectorum (narrow-leaved hawksbeard),Asteraceae,Crepis,10,0,0.0,114,Chrysopa oculata,1
Simple CNN from scratch,333,Ozothamnus leptophyllus (Tauhinu),Asteraceae,Ozothamnus,10,0,0.0,359,Honckenya peploides (Sea Sandwort),1
Simple CNN from scratch,345,Myosotis latifolia (broadleaf forget-me-not),Boraginaceae,Myosotis,10,0,0.0,346,Myosotis scorpioides (water forget-me-not),1
Simple CNN from scratch,351,Pseudowintera colorata (Mountain Horopito),Winteraceae,Pseudowintera,10,0,0.0,314,Fatsia japonica (Japanese aralia),1
Simple CNN from scratch,352,Dysphania ambrosioides (Mexican tea),Amaranthaceae,Dysphania,10,0,0.0,483,Solanum dimidiatum (western horsenettle),1
Simple CNN from scratch,373,Cevallia sinuata (Stinging Serpent),Loasaceae,Cevallia,10,0,0.0,43,Achyra rantalis (Garden Webworm Moth),1
Simple CNN from scratch,375,Coriaria arborea (Tree Tutu),Coriariaceae,Coriaria,10,0,0.0,314,Fatsia japonica (Japanese aralia),1
Simple CNN from scratch,376,Ecballium elaterium (squirting cucumber),Cucurbitaceae,Ecballium,10,0,0.0,118,Enallagma geminatum (Skimming Bluet),1
Simple CNN from scratch,396,Melilotus albus (white sweet clover),Fabaceae,Melilotus,10,0,0.0,325,Eupatorium altissimum (tall boneset),1
Simple CNN from scratch,397,Platylobium obtusangulum (Common Flat-pea),Fabaceae,Platylobium,10,0,0.0,416,Trichostema lanatum (woolly blue curls),1
Simple CNN from scratch,402,Quercus michauxii (swamp chestnut oak),Fagaceae,Quercus,10,0,0.0,426,Veronica filiformis (Slender speedwell),1
Simple CNN from scratch,405,Garrya elliptica (Coast silk tassel),Garryaceae,Garrya,10,0,0.0,282,Hymenocallis liriosme (spring spiderlily),1
Simple CNN from scratch,436,Euphorbia ophthalmica (Florida Hammock Sandmat),Euphorbiaceae,Euphorbia,10,0,0.0,115,Libelloides coccajus (Owly Sulphur),1
Simple CNN from scratch,437,Manihot esculenta (Cassava),Euphorbiaceae,Manihot,10,0,0.0,376,Ecballium elaterium (squirting cucumber),1
Simple CNN from scratch,443,Abutilon theophrasti (velvetleaf),Malvaceae,Abutilon,10,0,0.0,274,Xylobolus frustulatus (ceramic parchment),1
Simple CNN from scratch,448,Banksia integrifolia (Coastal Banksia),Proteaceae,Banksia,10,0,0.0,8,Chauliognathus pensylvanicus (Goldenrod Soldier Beetle),1
Simple CNN from scratch,476,Aesculus pavia (Red Buckeye),Sapindaceae,Aesculus,10,0,0.0,76,Cyaniris semiargus (Mazarine Blue),1
Simple CNN from scratch,492,Pinus ponderosa (ponderosa pine),Pinaceae,Pinus,10,0,0.0,38,Camponotus novaeboracensis (New York Carpenter Ant),1
Simple CNN from scratch,268,Roridomyces austrororidus,Mycenaceae,Roridomyces,10,1,0.1,273,Hericium americanum (Bear's Head Tooth),6
Simple CNN from scratch,136,Abudefduf vaigiensis (Indo-Pacific Sergeant Major),Pomacentridae,Abudefduf,10,1,0.1,219,Ginglymostoma cirratum (Nurse Shark),5
Simple CNN from scratch,159,Haematopus palliatus (American Oystercatcher),Haematopodidae,Haematopus,10,1,0.1,217,Phalacrocorax penicillatus (Brandt's Cormorant),4
Simple CNN from scratch,374,Mentzelia hispida (Streambank Stickleaf),Loasaceae,Mentzelia,10,1,0.1,8,Chauliognathus pensylvanicus (Goldenrod Soldier Beetle),4
Simple CNN from scratch,400,Polygala nana (candyroot),Polygalaceae,Polygala,10,1,0.1,274,Xylobolus frustulatus (ceramic parchment),4
Simple CNN from scratch,472,Phoradendron californicum (desert mistletoe),Santalaceae,Phoradendron,10,1,0.1,274,Xylobolus frustulatus (ceramic parchment),4
Simple CNN from scratch,483,Solanum dimidiatum (western horsenettle),Solanaceae,Solanum,10,1,0.1,454,Aquilegia vulgaris (common columbine),4
Simple CNN from scratch,57,Colotois pennaria (Feathered Thorn),Geometridae,Colotois,10,1,0.1,110,Cydia latiferreana (Filbertworm Moth),3
Simple CNN from scratch,150,Melanitta perspicillata (Surf Scoter),Anatidae,Melanitta,10,1,0.1,146,Aquila heliaca (Imperial Eagle),3
Simple CNN from scratch,155,Charadrius obscurus (Red-breasted Dotterel),Charadriidae,Charadrius,10,1,0.1,164,Numenius madagascariensis (Far Eastern Curlew),3
Simple CNN from scratch,212,Pelecanus crispus (Dalmatian Pelican),Pelecanidae,Pelecanus,10,1,0.1,217,Phalacrocorax penicillatus (Brandt's Cormorant),3
Simple CNN from scratch,270,Turbinellus floccosus (Scaly Chanterelle),Gomphaceae,Turbinellus,10,1,0.1,273,Hericium americanum (Bear's Head Tooth),3
Simple CNN from scratch,314,Fatsia japonica (Japanese aralia),Araliaceae,Fatsia,10,1,0.1,470,Laportea canadensis (Canadian wood nettle),3
Simple CNN from scratch,326,Eupatorium capillifolium (dogfennel),Asteraceae,Eupatorium,10,1,0.1,361,Stellaria graminea (lesser stitchwort),3
Simple CNN from scratch,358,Ferocactus cylindraceus (California barrel cactus),Cactaceae,Ferocactus,10,1,0.1,274,Xylobolus frustulatus (ceramic parchment),3
Simple CNN from scratch,425,Veronica americana (American brooklime),Plantaginaceae,Veronica,10,1,0.1,76,Cyaniris semiargus (Mazarine Blue),3
Simple CNN from scratch,467,Rubus schmidelioides,Rosaceae,Rubus,10,1,0.1,361,Stellaria graminea (lesser stitchwort),3
Simple CNN from scratch,46,Perispasta caeculalis (Titian Peale's Crambid),Crambidae,Perispasta,10,1,0.1,217,Phalacrocorax penicillatus (Brandt's Cormorant),2
Simple CNN from scratch,62,Tetracis crocallata (Yellow Slant-line),Geometridae,Tetracis,10,1,0.1,273,Hericium americanum (Bear's Head Tooth),2
Simple CNN from scratch,74,Catochrysops strabo (Forget-me-not),Lycaenidae,Catochrysops,10,1,0.1,118,Enallagma geminatum (Skimming Bluet),2
Simple CNN from scratch,85,Peridea angulosa (Angulose Prominent Moth),Notodontidae,Peridea,10,1,0.1,46,Perispasta caeculalis (Titian Peale's Crambid),2
Simple CNN from scratch,88,Dryas iulia (Julia Butterfly),Nymphalidae,Dryas,10,1,0.1,8,Chauliognathus pensylvanicus (Goldenrod Soldier Beetle),2
Simple CNN from scratch,114,Chrysopa oculata,Chrysopidae,Chrysopa,10,1,0.1,56,Chlorochlamys chloroleucaria (Blackberry Looper),2
Simple CNN from scratch,118,Enallagma geminatum (Skimming Bluet),Coenagrionidae,Enallagma,10,1,0.1,66,Iambrix salsala (Chestnut Bob),2
Simple CNN from scratch,128,Pimephales notatus (Bluntnose Minnow),Cyprinidae,Pimephales,10,1,0.1,48,Urola nivalis (Snowy Urola Moth),2
Simple CNN from scratch,154,Heliodoxa jacula (Green-crowned Brilliant),Trochilidae,Heliodoxa,10,1,0.1,76,Cyaniris semiargus (Mazarine Blue),2
Simple CNN from scratch,205,Empidonax hammondii (Hammond's Flycatcher),Tyrannidae,Empidonax,10,1,0.1,217,Phalacrocorax penicillatus (Brandt's Cormorant),2
Simple CNN from scratch,282,Hymenocallis liriosme (spring spiderlily),Amaryllidaceae,Hymenocallis,10,1,0.1,188,Setophaga cerulea (Cerulean Warbler),2
Simple CNN from scratch,294,Ophrys insectifera (Fly Orchid),Orchidaceae,Ophrys,10,1,0.1,115,Libelloides coccajus (Owly Sulphur),2
Simple CNN from scratch,299,Lilium bulbiferum (fire lily),Liliaceae,Lilium,10,1,0.1,374,Mentzelia hispida (Streambank Stickleaf),2
Simple CNN from scratch,356,Echinocereus stramineus (strawberry hedgehog cactus),Cactaceae,Echinocereus,10,1,0.1,279,Ephedra trifurca (longleaf ephedra),2
Simple CNN from scratch,361,Stellaria graminea (lesser stitchwort),Caryophyllaceae,Stellaria,10,1,0.1,240,Tantilla gracilis (Flat-headed Snake),2
Simple CNN from scratch,416,Trichostema lanatum (woolly blue curls),Lamiaceae,Trichostema,10,1,0.1,454,Aquilegia vulgaris (common columbine),2
Simple CNN from scratch,419,Castilleja purpurea (Purple paintbrush),Orobanchaceae,Castilleja,10,1,0.1,486,Krameria erecta (Pima Rhatany),2
Simple CNN from scratch,490,Abies concolor (white fir),Pinaceae,Abies,10,1,0.1,488,Taxodium distichum (baldcypress),2
Simple CNN from scratch,498,Pteris vittata (ladder fern),Pteridaceae,Pteris,10,1,0.1,201,Saltator coerulescens (Grayish Saltator),2
Simple CNN from scratch,134,Parupeneus spilurus (Blackspot Goatfish),Mullidae,Parupeneus,10,1,0.1,253,Californiconus californicus (California Cone),1
Simple CNN from scratch,359,Honckenya peploides (Sea Sandwort),Caryophyllaceae,Honckenya,10,1,0.1,382,Ceratiola ericoides (sand heath),1
Simple CNN from scratch,441,Salix nigra (black willow),Salicaceae,Salix,10,1,0.1,426,Veronica filiformis (Slender speedwell),1
Simple CNN from scratch,445,Muntingia calabura (Cherry Tree),Muntingiaceae,Muntingia,10,1,0.1,361,Stellaria graminea (lesser stitchwort),1
Simple CNN from scratch,115,Libelloides coccajus (Owly Sulphur),Myrmeleontidae,Libelloides,10,2,0.2,76,Cyaniris semiargus (Mazarine Blue),4
Simple CNN from scratch,372,Canotia holacantha (crucifixion thorn),Celastraceae,Canotia,10,2,0.2,279,Ephedra trifurca (longleaf ephedra),4
Simple CNN from scratch,386,Kalmia procumbens (alpine azalea),Ericaceae,Kalmia,10,2,0.2,426,Veronica filiformis (Slender speedwell),4
Simple CNN from scratch,164,Numenius madagascariensis (Far Eastern Curlew),Scolopacidae,Numenius,10,2,0.2,217,Phalacrocorax penicillatus (Brandt's Cormorant),3
Simple CNN from scratch,319,Ambrosia salsola (common burrobrush),Asteraceae,Ambrosia,10,2,0.2,279,Ephedra trifurca (longleaf ephedra),3
Simple CNN from scratch,119,Erpetogomphus designatus (Eastern Ringtail),Gomphidae,Erpetogomphus,10,2,0.2,247,Crotalus oreganus (Western Rattlesnake),2
Simple CNN from scratch,247,Crotalus oreganus (Western Rattlesnake),Viperidae,Crotalus,10,2,0.2,274,Xylobolus frustulatus (ceramic parchment),2
Simple CNN from scratch,253,Californiconus californicus (California Cone),Conidae,Californiconus,10,2,0.2,247,Crotalus oreganus (Western Rattlesnake),2
Simple CNN from scratch,261,Peltigera praetextata (scaly pelt lichen),Peltigeraceae,Peltigera,10,2,0.2,286,Muscari neglectum (Grape hyacinth),2
Simple CNN from scratch,321,Bidens aristosa (tickseed beggar-ticks),Asteraceae,Bidens,10,2,0.2,8,Chauliognathus pensylvanicus (Goldenrod Soldier Beetle),2
Simple CNN from scratch,334,Packera tampicana (Great Plains Ragwort),Asteraceae,Packera,10,2,0.2,8,Chauliognathus pensylvanicus (Goldenrod Soldier Beetle),2
Simple CNN from scratch,338,Solidago rugosa (common wrinkle-leaved goldenrod),Asteraceae,Solidago,10,2,0.2,321,Bidens aristosa (tickseed beggar-ticks),2
Simple CNN from scratch,383,Dracophyllum longifolium (Inaka),Ericaceae,Dracophyllum,10,2,0.2,207,Myiarchus cinerascens (Ash-throated Flycatcher),2
Simple CNN from scratch,451,Actaea racemosa (black cohosh),Ranunculaceae,Actaea,10,2,0.2,314,Fatsia japonica (Japanese aralia),2
Simple CNN from scratch,480,Tolmiea menziesii (youth on age),Saxifragaceae,Tolmiea,10,2,0.2,66,Iambrix salsala (Chestnut Bob),2
Simple CNN from scratch,486,Krameria erecta (Pima Rhatany),Krameriaceae,Krameria,10,2,0.2,357,Escobaria vivipara (viviparous foxtail cactus),2
Simple CNN from scratch,487,Sequoiadendron giganteum (giant sequoia),Cupressaceae,Sequoiadendron,10,2,0.2,273,Hericium americanum (Bear's Head Tooth),2
Simple CNN from scratch,76,Cyaniris semiargus (Mazarine Blue),Lycaenidae,Cyaniris,10,2,0.2,66,Iambrix salsala (Chestnut Bob),1
Simple CNN from scratch,218,Trogon rufus (Black-throated Trogon),Trogonidae,Trogon,10,2,0.2,8,Chauliognathus pensylvanicus (Goldenrod Soldier Beetle),1
Simple CNN from scratch,378,Viburnum acerifolium (mapleleaf viburnum),Viburnaceae,Viburnum,10,2,0.2,425,Veronica americana (American brooklime),1
Simple CNN from scratch,357,Escobaria vivipara (viviparous foxtail cactus),Cactaceae,Escobaria,10,3,0.3,274,Xylobolus frustulatus (ceramic parchment),4
Simple CNN from scratch,156,Charadrius wilsonia (Wilson's Plover),Charadriidae,Charadrius,10,3,0.3,164,Numenius madagascariensis (Far Eastern Curlew),3
Simple CNN from scratch,328,Helenium amarum (Bitterweed),Asteraceae,Helenium,10,3,0.3,8,Chauliognathus pensylvanicus (Goldenrod Soldier Beetle),3
Simple CNN from scratch,450,Mimetes cucullatus (red pagoda),Proteaceae,Mimetes,10,3,0.3,8,Chauliognathus pensylvanicus (Goldenrod Soldier Beetle),3
Simple CNN from scratch,203,Contopus cooperi (Olive-sided Flycatcher),Tyrannidae,Contopus,10,3,0.3,146,Aquila heliaca (Imperial Eagle),2
Simple CNN from scratch,325,Eupatorium altissimum (tall boneset),Asteraceae,Eupatorium,10,3,0.3,319,Ambrosia salsola (common burrobrush),2
Simple CNN from scratch,499,Phegopteris hexagonoptera (broad beech fern),Thelypteridaceae,Phegopteris,10,3,0.3,361,Stellaria graminea (lesser stitchwort),2
Simple CNN from scratch,110,Cydia latiferreana (Filbertworm Moth),Tortricidae,Cydia,10,4,0.4,51,Catocala ilia (Ilia Underwing),2
Simple CNN from scratch,279,Ephedra trifurca (longleaf ephedra),Ephedraceae,Ephedra,10,4,0.4,372,Canotia holacantha (crucifixion thorn),2
Simple CNN from scratch,431,Glandularia bipinnatifida (Dakota mock vervain),Verbenaceae,Glandularia,10,4,0.4,454,Aquilegia vulgaris (common columbine),2
Simple CNN from scratch,363,Limonium perezii (Perez's sea lavender),Plumbaginaceae,Limonium,10,4,0.4,386,Kalmia procumbens (alpine azalea),1
Simple CNN from scratch,219,Ginglymostoma cirratum (Nurse Shark),Ginglymostomatidae,Ginglymostoma,10,5,0.5,217,Phalacrocorax penicillatus (Brandt's Cormorant),3
Simple CNN from scratch,470,Laportea canadensis (Canadian wood nettle),Urticaceae,Laportea,10,5,0.5,361,Stellaria graminea (lesser stitchwort),2
Simple CNN from scratch,8,Chauliognathus pensylvanicus (Goldenrod Soldier Beetle),Cantharidae,Chauliognathus,10,5,0.5,66,Iambrix salsala (Chestnut Bob),1
Simple CNN from scratch,66,Iambrix salsala (Chestnut Bob),Hesperiidae,Iambrix,10,5,0.5,74,Catochrysops strabo (Forget-me-not),1
Simple CNN from scratch,146,Aquila heliaca (Imperial Eagle),Accipitridae,Aquila,10,5,0.5,48,Urola nivalis (Snowy Urola Moth),1
Simple CNN from scratch,265,Chlorophyllum molybdites (green-spored parasol),Agaricaceae,Chlorophyllum,10,5,0.5,210,Cochlearius cochlearius (Boat-billed Heron),1
Simple CNN from scratch,273,Hericium americanum (Bear's Head Tooth),Hericiaceae,Hericium,10,5,0.5,268,Roridomyces austrororidus,1
Simple CNN from scratch,274,Xylobolus frustulatus (ceramic parchment),Stereaceae,Xylobolus,10,5,0.5,487,Sequoiadendron giganteum (giant sequoia),1
Simple CNN from scratch,454,Aquilegia vulgaris (common columbine),Ranunculaceae,Aquilegia,10,6,0.6,470,Laportea canadensis (Canadian wood nettle),2
Simple CNN from scratch,256,Phyllidia varicosa (Varicose Wart Slug),Phyllidiidae,Phyllidia,10,6,0.6,487,Sequoiadendron giganteum (giant sequoia),1
Simple CNN from scratch,426,Veronica filiformis (Slender speedwell),Plantaginaceae,Veronica,10,6,0.6,115,Libelloides coccajus (Owly Sulphur),1
Simple CNN from scratch,240,Tantilla gracilis (Flat-headed Snake),Colubridae,Tantilla,10,7,0.7,37,Camponotus floridanus (Florida Carpenter Ant),1
Simple CNN from scratch,262,Teloschistes flavicans (Golden Hair-lichen),Teloschistaceae,Teloschistes,10,7,0.7,372,Canotia holacantha (crucifixion thorn),1
Simple CNN from scratch,217,Phalacrocorax penicillatus (Brandt's Cormorant),Phalacrocoracidae,Phalacrocorax,10,8,0.8,219,Ginglymostoma cirratum (Nurse Shark),1
