class_index,category_id,name,common_name,kingdom,phylum,taxon_class,order,family,genus,specific_epithet,image_dir_name
0,9,Araneus diadematus,Cross Orbweaver,Animalia,Arthropoda,Arachnida,Araneae,Araneidae,Araneus,diadematus,00009_Animalia_Arthropoda_Arachnida_Araneae_Araneidae_Araneus_diadematus
1,45,Trichonephila clavipes,Golden Silk Spider,Animalia,Arthropoda,Arachnida,Araneae,Araneidae,Trichonephila,clavipes,00045_Animalia_Arthropoda_Arachnida_Araneae_Araneidae_Trichonephila_clavipes
2,70,Dolomedes triton,Six-spotted Fishing Spider,Animalia,Arthropoda,Arachnida,Araneae,Pisauridae,Dolomedes,triton,00070_Animalia_Arthropoda_Arachnida_Araneae_Pisauridae_Dolomedes_triton
3,94,Phidippus johnsoni,Johnson's Jumping Spider,Animalia,Arthropoda,Arachnida,Araneae,Salticidae,Phidippus,johnsoni,00094_Animalia_Arthropoda_Arachnida_Araneae_Salticidae_Phidippus_johnsoni
4,152,Paravaejovis puritanus,Paravaejovis puritanus,Animalia,Arthropoda,Arachnida,Scorpiones,Vaejovidae,Paravaejovis,puritanus,00152_Animalia_Arthropoda_Arachnida_Scorpiones_Vaejovidae_Paravaejovis_puritanus
5,157,Hemiscolopendra marginata,Eastern Bark Centipede,Animalia,Arthropoda,Chilopoda,Scolopendromorpha,Scolopendridae,Hemiscolopendra,marginata,00157_Animalia_Arthropoda_Chilopoda_Scolopendromorpha_Scolopendridae_Hemiscolopendra_marginata
6,159,Scolopendra heros,Giant Desert Centipede,Animalia,Arthropoda,Chilopoda,Scolopendromorpha,Scolopendridae,Scolopendra,heros,00159_Animalia_Arthropoda_Chilopoda_Scolopendromorpha_Scolopendridae_Scolopendra_heros
7,184,Agrilus planipennis,Emerald Ash Borer,Animalia,Arthropoda,Insecta,Coleoptera,Buprestidae,Agrilus,planipennis,00184_Animalia_Arthropoda_Insecta_Coleoptera_Buprestidae_Agrilus_planipennis
8,193,Chauliognathus pensylvanicus,Goldenrod Soldier Beetle,Animalia,Arthropoda,Insecta,Coleoptera,Cantharidae,Chauliognathus,pensylvanicus,00193_Animalia_Arthropoda_Insecta_Coleoptera_Cantharidae_Chauliognathus_pensylvanicus
9,251,Rutpela maculata,Spotted Longhorn,Animalia,Arthropoda,Insecta,Coleoptera,Cerambycidae,Rutpela,maculata,00251_Animalia_Arthropoda_Insecta_Coleoptera_Cerambycidae_Rutpela_maculata
10,260,Trichocnemis spiculatus,Spined Woodborer,Animalia,Arthropoda,Insecta,Coleoptera,Cerambycidae,Trichocnemis,spiculatus,00260_Animalia_Arthropoda_Insecta_Coleoptera_Cerambycidae_Trichocnemis_spiculatus
11,290,Leptinotarsa juncta,False Potato Beetle,Animalia,Arthropoda,Insecta,Coleoptera,Chrysomelidae,Leptinotarsa,juncta,00290_Animalia_Arthropoda_Insecta_Coleoptera_Chrysomelidae_Leptinotarsa_juncta
12,326,Henosepilachna vigintioctopunctata,Hadda Beetle,Animalia,Arthropoda,Insecta,Coleoptera,Coccinellidae,Henosepilachna,vigintioctopunctata,00326_Animalia_Arthropoda_Insecta_Coleoptera_Coccinellidae_Henosepilachna_vigintioctopunctata
13,332,Psyllobora vigintiduopunctata,22-spot Ladybird Beetle,Animalia,Arthropoda,Insecta,Coleoptera,Coccinellidae,Psyllobora,vigintiduopunctata,00332_Animalia_Arthropoda_Insecta_Coleoptera_Coccinellidae_Psyllobora_vigintiduopunctata
14,351,Anoplotrupes stercorosus,Woodland Dor Beetle,Animalia,Arthropoda,Insecta,Coleoptera,Geotrupidae,Anoplotrupes,stercorosus,00351_Animalia_Arthropoda_Insecta_Coleoptera_Geotrupidae_Anoplotrupes_stercorosus
15,370,Oedemera femorata,Oedemera femorata,Animalia,Arthropoda,Insecta,Coleoptera,Oedemeridae,Oedemera,femorata,00370_Animalia_Arthropoda_Insecta_Coleoptera_Oedemeridae_Oedemera_femorata
16,384,Euphoria kernii,Kern's Flower Scarab,Animalia,Arthropoda,Insecta,Coleoptera,Scarabaeidae,Euphoria,kernii,00384_Animalia_Arthropoda_Insecta_Coleoptera_Scarabaeidae_Euphoria_kernii
17,386,Exomala orientalis,Oriental Beetle,Animalia,Arthropoda,Insecta,Coleoptera,Scarabaeidae,Exomala,orientalis,00386_Animalia_Arthropoda_Insecta_Coleoptera_Scarabaeidae_Exomala_orientalis
18,435,Calliphora vicina,Blue Blowfly,Animalia,Arthropoda,Insecta,Diptera,Calliphoridae,Calliphora,vicina,00435_Animalia_Arthropoda_Insecta_Diptera_Calliphoridae_Calliphora_vicina
19,457,Exaireta spinigera,Garden soldier fly,Animalia,Arthropoda,Insecta,Diptera,Stratiomyidae,Exaireta,spinigera,00457_Animalia_Arthropoda_Insecta_Diptera_Stratiomyidae_Exaireta_spinigera
20,461,Copestylum mexicanum,Mexican Cactus Fly,Animalia,Arthropoda,Insecta,Diptera,Syrphidae,Copestylum,mexicanum,00461_Animalia_Arthropoda_Insecta_Diptera_Syrphidae_Copestylum_mexicanum
21,470,Eristalis stipator,Yellow-shouldered Drone Fly,Animalia,Arthropoda,Insecta,Diptera,Syrphidae,Eristalis,stipator,00470_Animalia_Arthropoda_Insecta_Diptera_Syrphidae_Eristalis_stipator
22,472,Eristalis transversa,Transverse-banded Flower Fly,Animalia,Arthropoda,Insecta,Diptera,Syrphidae,Eristalis,transversa,00472_Animalia_Arthropoda_Insecta_Diptera_Syrphidae_Eristalis_transversa
23,493,Toxomerus politus,Maize Calligrapher Fly,Animalia,Arthropoda,Insecta,Diptera,Syrphidae,Toxomerus,politus,00493_Animalia_Arthropoda_Insecta_Diptera_Syrphidae_Toxomerus_politus
24,513,Adelges tsugae,Hemlock Woolly Adelgid,Animalia,Arthropoda,Insecta,Hemiptera,Adelgidae,Adelges,tsugae,00513_Animalia_Arthropoda_Insecta_Hemiptera_Adelgidae_Adelges_tsugae
25,558,Acanthocephala femorata,Florida Leaf-footed Bug,Animalia,Arthropoda,Insecta,Hemiptera,Coreidae,Acanthocephala,femorata,00558_Animalia_Arthropoda_Insecta_Hemiptera_Coreidae_Acanthocephala_femorata
26,567,Leptoglossus clypealis,Western Leaf-footed Bug,Animalia,Arthropoda,Insecta,Hemiptera,Coreidae,Leptoglossus,clypealis,00567_Animalia_Arthropoda_Insecta_Hemiptera_Coreidae_Leptoglossus_clypealis
27,568,Leptoglossus occidentalis,Western Conifer Seed Bug,Animalia,Arthropoda,Insecta,Hemiptera,Coreidae,Leptoglossus,occidentalis,00568_Animalia_Arthropoda_Insecta_Hemiptera_Coreidae_Leptoglossus_occidentalis
28,597,Adelphocoris lineolatus,Alfalfa Plant Bug,Animalia,Arthropoda,Insecta,Hemiptera,Miridae,Adelphocoris,lineolatus,00597_Animalia_Arthropoda_Insecta_Hemiptera_Miridae_Adelphocoris_lineolatus
29,624,Graphosoma italicum,European Striped Shield Bug,Animalia,Arthropoda,Insecta,Hemiptera,Pentatomidae,Graphosoma,italicum,00624_Animalia_Arthropoda_Insecta_Hemiptera_Pentatomidae_Graphosoma_italicum
30,626,Halyomorpha halys,Brown Marmorated Stink Bug,Animalia,Arthropoda,Insecta,Hemiptera,Pentatomidae,Halyomorpha,halys,00626_Animalia_Arthropoda_Insecta_Hemiptera_Pentatomidae_Halyomorpha_halys
31,630,Nezara viridula,Southern Green Stink Bug,Animalia,Arthropoda,Insecta,Hemiptera,Pentatomidae,Nezara,viridula,00630_Animalia_Arthropoda_Insecta_Hemiptera_Pentatomidae_Nezara_viridula
32,651,Phymata americana,Jagged Ambush Bug,Animalia,Arthropoda,Insecta,Hemiptera,Reduviidae,Phymata,americana,00651_Animalia_Arthropoda_Insecta_Hemiptera_Reduviidae_Phymata_americana
33,671,Andrena cineraria,Ashy Mining Bee,Animalia,Arthropoda,Insecta,Hymenoptera,Andrenidae,Andrena,cineraria,00671_Animalia_Arthropoda_Insecta_Hymenoptera_Andrenidae_Andrena_cineraria
34,711,Xylocopa micans,Southern Carpenter Bee,Animalia,Arthropoda,Insecta,Hymenoptera,Apidae,Xylocopa,micans,00711_Animalia_Arthropoda_Insecta_Hymenoptera_Apidae_Xylocopa_micans
35,718,Cimbex americanus,Elm Sawfly,Animalia,Arthropoda,Insecta,Hymenoptera,Cimbicidae,Cimbex,americanus,00718_Animalia_Arthropoda_Insecta_Hymenoptera_Cimbicidae_Cimbex_americanus
36,727,Amphibolips confluenta,Spongy Oak Apple Gall Wasp,Animalia,Arthropoda,Insecta,Hymenoptera,Cynipidae,Amphibolips,confluenta,00727_Animalia_Arthropoda_Insecta_Hymenoptera_Cynipidae_Amphibolips_confluenta
37,743,Camponotus floridanus,Florida Carpenter Ant,Animalia,Arthropoda,Insecta,Hymenoptera,Formicidae,Camponotus,floridanus,00743_Animalia_Arthropoda_Insecta_Hymenoptera_Formicidae_Camponotus_floridanus
38,747,Camponotus novaeboracensis,New York Carpenter Ant,Animalia,Arthropoda,Insecta,Hymenoptera,Formicidae,Camponotus,novaeboracensis,00747_Animalia_Arthropoda_Insecta_Hymenoptera_Formicidae_Camponotus_novaeboracensis
39,774,Augochlora pura,Pure Green Sweat Bee,Animalia,Arthropoda,Insecta,Hymenoptera,Halictidae,Augochlora,pura,00774_Animalia_Arthropoda_Insecta_Hymenoptera_Halictidae_Augochlora_pura
40,775,Augochloropsis metallica,Metallic Epauletted-Sweat Bee,Animalia,Arthropoda,Insecta,Hymenoptera,Halictidae,Augochloropsis,metallica,00775_Animalia_Arthropoda_Insecta_Hymenoptera_Halictidae_Augochloropsis_metallica
41,799,Ammophila procera,Common Thread-waisted Wasp,Animalia,Arthropoda,Insecta,Hymenoptera,Sphecidae,Ammophila,procera,00799_Animalia_Arthropoda_Insecta_Hymenoptera_Sphecidae_Ammophila_procera
42,819,Mischocyttarus flavitarsis,Western Paper Wasp,Animalia,Arthropoda,Insecta,Hymenoptera,Vespidae,Mischocyttarus,flavitarsis,00819_Animalia_Arthropoda_Insecta_Hymenoptera_Vespidae_Mischocyttarus_flavitarsis
43,858,Achyra rantalis,Garden Webworm Moth,Animalia,Arthropoda,Insecta,Lepidoptera,Crambidae,Achyra,rantalis,00858_Animalia_Arthropoda_Insecta_Lepidoptera_Crambidae_Achyra_rantalis
44,859,Agriphila straminella,Pearl Veneer,Animalia,Arthropoda,Insecta,Lepidoptera,Crambidae,Agriphila,straminella,00859_Animalia_Arthropoda_Insecta_Lepidoptera_Crambidae_Agriphila_straminella
45,921,Parapoynx diminutalis,Hydrilla Leafcutter Moth,Animalia,Arthropoda,Insecta,Lepidoptera,Crambidae,Parapoynx,diminutalis,00921_Animalia_Arthropoda_Insecta_Lepidoptera_Crambidae_Parapoynx_diminutalis
46,924,Perispasta caeculalis,Titian Peale's Crambid,Animalia,Arthropoda,Insecta,Lepidoptera,Crambidae,Perispasta,caeculalis,00924_Animalia_Arthropoda_Insecta_Lepidoptera_Crambidae_Perispasta_caeculalis
47,937,Pyrausta volupialis,Volupial Pyrausta Moth,Animalia,Arthropoda,Insecta,Lepidoptera,Crambidae,Pyrausta,volupialis,00937_Animalia_Arthropoda_Insecta_Lepidoptera_Crambidae_Pyrausta_volupialis
48,949,Urola nivalis,Snowy Urola Moth,Animalia,Arthropoda,Insecta,Lepidoptera,Crambidae,Urola,nivalis,00949_Animalia_Arthropoda_Insecta_Lepidoptera_Crambidae_Urola_nivalis
49,987,Bulia deducta,Deduced Graphic,Animalia,Arthropoda,Insecta,Lepidoptera,Erebidae,Bulia,deducta,00987_Animalia_Arthropoda_Insecta_Lepidoptera_Erebidae_Bulia_deducta
50,997,Catocala grynea,Woody Underwing,Animalia,Arthropoda,Insecta,Lepidoptera,Erebidae,Catocala,grynea,00997_Animalia_Arthropoda_Insecta_Lepidoptera_Erebidae_Catocala_grynea
51,998,Catocala ilia,Ilia Underwing,Animalia,Arthropoda,Insecta,Lepidoptera,Erebidae,Catocala,ilia,00998_Animalia_Arthropoda_Insecta_Lepidoptera_Erebidae_Catocala_ilia
52,1047,Hypena bijugalis,Dimorphic Bomolocha Moth,Animalia,Arthropoda,Insecta,Lepidoptera,Erebidae,Hypena,bijugalis,01047_Animalia_Arthropoda_Insecta_Lepidoptera_Erebidae_Hypena_bijugalis
53,1076,Melipotis acontioides,Royal Poinciana Moth,Animalia,Arthropoda,Insecta,Lepidoptera,Erebidae,Melipotis,acontioides,01076_Animalia_Arthropoda_Insecta_Lepidoptera_Erebidae_Melipotis_acontioides
54,1103,Pantydia sparsa,Pantydia sparsa,Animalia,Arthropoda,Insecta,Lepidoptera,Erebidae,Pantydia,sparsa,01103_Animalia_Arthropoda_Insecta_Lepidoptera_Erebidae_Pantydia_sparsa
55,1164,Chiasmia clathrata,Latticed Heath,Animalia,Arthropoda,Insecta,Lepidoptera,Geometridae,Chiasmia,clathrata,01164_Animalia_Arthropoda_Insecta_Lepidoptera_Geometridae_Chiasmia_clathrata
56,1167,Chlorochlamys chloroleucaria,Blackberry Looper,Animalia,Arthropoda,Insecta,Lepidoptera,Geometridae,Chlorochlamys,chloroleucaria,01167_Animalia_Arthropoda_Insecta_Lepidoptera_Geometridae_Chlorochlamys_chloroleucaria
57,1176,Colotois pennaria,Feathered Thorn,Animalia,Arthropoda,Insecta,Lepidoptera,Geometridae,Colotois,pennaria,01176_Animalia_Arthropoda_Insecta_Lepidoptera_Geometridae_Colotois_pennaria
58,1233,Idaea aversata,Riband Wave,Animalia,Arthropoda,Insecta,Lepidoptera,Geometridae,Idaea,aversata,01233_Animalia_Arthropoda_Insecta_Lepidoptera_Geometridae_Idaea_aversata
59,1242,Ilexia intractata,Black-dotted Ruddy Moth,Animalia,Arthropoda,Insecta,Lepidoptera,Geometridae,Ilexia,intractata,01242_Animalia_Arthropoda_Insecta_Lepidoptera_Geometridae_Ilexia_intractata
60,1297,Probole amicaria,Alien Probole Moth,Animalia,Arthropoda,Insecta,Lepidoptera,Geometridae,Probole,amicaria,01297_Animalia_Arthropoda_Insecta_Lepidoptera_Geometridae_Probole_amicaria
61,1314,Tetracis cachexiata,White Slant-line,Animalia,Arthropoda,Insecta,Lepidoptera,Geometridae,Tetracis,cachexiata,01314_Animalia_Arthropoda_Insecta_Lepidoptera_Geometridae_Tetracis_cachexiata
62,1315,Tetracis crocallata,Yellow Slant-line,Animalia,Arthropoda,Insecta,Lepidoptera,Geometridae,Tetracis,crocallata,01315_Animalia_Arthropoda_Insecta_Lepidoptera_Geometridae_Tetracis_crocallata
63,1335,Ancyloxypha numitor,Least Skipper,Animalia,Arthropoda,Insecta,Lepidoptera,Hesperiidae,Ancyloxypha,numitor,01335_Animalia_Arthropoda_Insecta_Lepidoptera_Hesperiidae_Ancyloxypha_numitor
64,1346,Burnsius philetas,Desert Checkered-Skipper,Animalia,Arthropoda,Insecta,Lepidoptera,Hesperiidae,Burnsius,philetas,01346_Animalia_Arthropoda_Insecta_Lepidoptera_Hesperiidae_Burnsius_philetas
65,1362,Erynnis juvenalis,Juvenal's Duskywing,Animalia,Arthropoda,Insecta,Lepidoptera,Hesperiidae,Erynnis,juvenalis,01362_Animalia_Arthropoda_Insecta_Lepidoptera_Hesperiidae_Erynnis_juvenalis
66,1374,Iambrix salsala,Chestnut Bob,Animalia,Arthropoda,Insecta,Lepidoptera,Hesperiidae,Iambrix,salsala,01374_Animalia_Arthropoda_Insecta_Lepidoptera_Hesperiidae_Iambrix_salsala
67,1376,Lerodea eufala,Eufala Skipper,Animalia,Arthropoda,Insecta,Lepidoptera,Hesperiidae,Lerodea,eufala,01376_Animalia_Arthropoda_Insecta_Lepidoptera_Hesperiidae_Lerodea_eufala
68,1378,Lon melane,Umber Skipper,Animalia,Arthropoda,Insecta,Lepidoptera,Hesperiidae,Lon,melane,01378_Animalia_Arthropoda_Insecta_Lepidoptera_Hesperiidae_Lon_melane
69,1393,Polites mystic,Long Dash Skipper,Animalia,Arthropoda,Insecta,Lepidoptera,Hesperiidae,Polites,mystic,01393_Animalia_Arthropoda_Insecta_Lepidoptera_Hesperiidae_Polites_mystic
70,1405,Thymelicus lineola,European Skipper,Animalia,Arthropoda,Insecta,Lepidoptera,Hesperiidae,Thymelicus,lineola,01405_Animalia_Arthropoda_Insecta_Lepidoptera_Hesperiidae_Thymelicus_lineola
71,1408,Urbanus dorantes,Dorantes Longtail,Animalia,Arthropoda,Insecta,Lepidoptera,Hesperiidae,Urbanus,dorantes,01408_Animalia_Arthropoda_Insecta_Lepidoptera_Hesperiidae_Urbanus_dorantes
72,1430,Euclea incisa,Green Oak-Slug Moth,Animalia,Arthropoda,Insecta,Lepidoptera,Limacodidae,Euclea,incisa,01430_Animalia_Arthropoda_Insecta_Lepidoptera_Limacodidae_Euclea_incisa
73,1439,Anthene emolus,Common Ciliate Blue,Animalia,Arthropoda,Insecta,Lepidoptera,Lycaenidae,Anthene,emolus,01439_Animalia_Arthropoda_Insecta_Lepidoptera_Lycaenidae_Anthene_emolus
74,1455,Catochrysops strabo,Forget-me-not,Animalia,Arthropoda,Insecta,Lepidoptera,Lycaenidae,Catochrysops,strabo,01455_Animalia_Arthropoda_Insecta_Lepidoptera_Lycaenidae_Catochrysops_strabo
75,1458,Celastrina ladon,Spring Azure,Animalia,Arthropoda,Insecta,Lepidoptera,Lycaenidae,Celastrina,ladon,01458_Animalia_Arthropoda_Insecta_Lepidoptera_Lycaenidae_Celastrina_ladon
76,1469,Cyaniris semiargus,Mazarine Blue,Animalia,Arthropoda,Insecta,Lepidoptera,Lycaenidae,Cyaniris,semiargus,01469_Animalia_Arthropoda_Insecta_Lepidoptera_Lycaenidae_Cyaniris_semiargus
77,1485,Icaricia icarioides,Boisduval's Blue,Animalia,Arthropoda,Insecta,Lepidoptera,Lycaenidae,Icaricia,icarioides,01485_Animalia_Arthropoda_Insecta_Lepidoptera_Lycaenidae_Icaricia_icarioides
78,1493,Leptotes marina,Marine Blue,Animalia,Arthropoda,Insecta,Lepidoptera,Lycaenidae,Leptotes,marina,01493_Animalia_Arthropoda_Insecta_Lepidoptera_Lycaenidae_Leptotes_marina
79,1534,Satyrium titus,Coral Hairstreak,Animalia,Arthropoda,Insecta,Lepidoptera,Lycaenidae,Satyrium,titus,01534_Animalia_Arthropoda_Insecta_Lepidoptera_Lycaenidae_Satyrium_titus
80,1583,Autographa californica,Alfalfa Looper,Animalia,Arthropoda,Insecta,Lepidoptera,Noctuidae,Autographa,californica,01583_Animalia_Arthropoda_Insecta_Lepidoptera_Noctuidae_Autographa_californica
81,1649,Lithacodia musta,Small Mossy Lithacodia,Animalia,Arthropoda,Insecta,Lepidoptera,Noctuidae,Lithacodia,musta,01649_Animalia_Arthropoda_Insecta_Lepidoptera_Noctuidae_Lithacodia_musta
82,1653,Maliattha synochitis,Black-dotted Maliattha,Animalia,Arthropoda,Insecta,Lepidoptera,Noctuidae,Maliattha,synochitis,01653_Animalia_Arthropoda_Insecta_Lepidoptera_Noctuidae_Maliattha_synochitis
83,1691,Ponometia semiflava,Half-yellow Moth,Animalia,Arthropoda,Insecta,Lepidoptera,Noctuidae,Ponometia,semiflava,01691_Animalia_Arthropoda_Insecta_Lepidoptera_Noctuidae_Ponometia_semiflava
84,1729,Pseudoips prasinana,Green Silver-lines,Animalia,Arthropoda,Insecta,Lepidoptera,Nolidae,Pseudoips,prasinana,01729_Animalia_Arthropoda_Insecta_Lepidoptera_Nolidae_Pseudoips_prasinana
85,1748,Peridea angulosa,Angulose Prominent Moth,Animalia,Arthropoda,Insecta,Lepidoptera,Notodontidae,Peridea,angulosa,01748_Animalia_Arthropoda_Insecta_Lepidoptera_Notodontidae_Peridea_angulosa
86,1802,Brenthis ino,Lesser Marbled Fritillary,Animalia,Arthropoda,Insecta,Lepidoptera,Nymphalidae,Brenthis,ino,01802_Animalia_Arthropoda_Insecta_Lepidoptera_Nymphalidae_Brenthis_ino
87,1838,Doxocopa laure,Silver Emperor,Animalia,Arthropoda,Insecta,Lepidoptera,Nymphalidae,Doxocopa,laure,01838_Animalia_Arthropoda_Insecta_Lepidoptera_Nymphalidae_Doxocopa_laure
88,1840,Dryas iulia,Julia Butterfly,Animalia,Arthropoda,Insecta,Lepidoptera,Nymphalidae,Dryas,iulia,01840_Animalia_Arthropoda_Insecta_Lepidoptera_Nymphalidae_Dryas_iulia
89,1854,Euphydryas phaeton,Baltimore Checkerspot,Animalia,Arthropoda,Insecta,Lepidoptera,Nymphalidae,Euphydryas,phaeton,01854_Animalia_Arthropoda_Insecta_Lepidoptera_Nymphalidae_Euphydryas_phaeton
90,1908,Limenitis arthemis,Red-spotted Admiral,Animalia,Arthropoda,Insecta,Lepidoptera,Nymphalidae,Limenitis,arthemis,01908_Animalia_Arthropoda_Insecta_Lepidoptera_Nymphalidae_Limenitis_arthemis
91,1938,Nymphalis antiopa,Mourning Cloak,Animalia,Arthropoda,Insecta,Lepidoptera,Nymphalidae,Nymphalis,antiopa,01938_Animalia_Arthropoda_Insecta_Lepidoptera_Nymphalidae_Nymphalis_antiopa
92,1968,Smyrna blomfildia,Blomfild's Beauty,Animalia,Arthropoda,Insecta,Lepidoptera,Nymphalidae,Smyrna,blomfildia,01968_Animalia_Arthropoda_Insecta_Lepidoptera_Nymphalidae_Smyrna_blomfildia
93,2009,Papilio anactus,Dainty Swallowtail,Animalia,Arthropoda,Insecta,Lepidoptera,Papilionidae,Papilio,anactus,02009_Animalia_Arthropoda_Insecta_Lepidoptera_Papilionidae_Papilio_anactus
94,2034,Papilio thoas,Thoas Swallowtail,Animalia,Arthropoda,Insecta,Lepidoptera,Papilionidae,Papilio,thoas,02034_Animalia_Arthropoda_Insecta_Lepidoptera_Papilionidae_Papilio_thoas
95,2073,Eurema daira,Barred Yellow,Animalia,Arthropoda,Insecta,Lepidoptera,Pieridae,Eurema,daira,02073_Animalia_Arthropoda_Insecta_Lepidoptera_Pieridae_Eurema_daira
96,2077,Glutophrissa drusilla,Florida White,Animalia,Arthropoda,Insecta,Lepidoptera,Pieridae,Glutophrissa,drusilla,02077_Animalia_Arthropoda_Insecta_Lepidoptera_Pieridae_Glutophrissa_drusilla
97,2092,Pieris brassicae,Large White Butterfly,Animalia,Arthropoda,Insecta,Lepidoptera,Pieridae,Pieris,brassicae,02092_Animalia_Arthropoda_Insecta_Lepidoptera_Pieridae_Pieris_brassicae
98,2129,Moodna ostrinella,Darker Moodna Moth,Animalia,Arthropoda,Insecta,Lepidoptera,Pyralidae,Moodna,ostrinella,02129_Animalia_Arthropoda_Insecta_Lepidoptera_Pyralidae_Moodna_ostrinella
99,2139,Calephelis nemesis,Fatal Metalmark,Animalia,Arthropoda,Insecta,Lepidoptera,Riodinidae,Calephelis,nemesis,02139_Animalia_Arthropoda_Insecta_Lepidoptera_Riodinidae_Calephelis_nemesis
100,2145,Melanis pixe,Red-bordered Pixie,Animalia,Arthropoda,Insecta,Lepidoptera,Riodinidae,Melanis,pixe,02145_Animalia_Arthropoda_Insecta_Lepidoptera_Riodinidae_Melanis_pixe
101,2149,Anisota senatoria,Orange-tipped Oakworm Moth,Animalia,Arthropoda,Insecta,Lepidoptera,Saturniidae,Anisota,senatoria,02149_Animalia_Arthropoda_Insecta_Lepidoptera_Saturniidae_Anisota_senatoria
102,2161,Hemileuca maia,Buck Moth,Animalia,Arthropoda,Insecta,Lepidoptera,Saturniidae,Hemileuca,maia,02161_Animalia_Arthropoda_Insecta_Lepidoptera_Saturniidae_Hemileuca_maia
103,2166,Saturnia pavonia,Small Emperor Moth,Animalia,Arthropoda,Insecta,Lepidoptera,Saturniidae,Saturnia,pavonia,02166_Animalia_Arthropoda_Insecta_Lepidoptera_Saturniidae_Saturnia_pavonia
104,2167,Saturnia pyri,Giant Peacock Moth,Animalia,Arthropoda,Insecta,Lepidoptera,Saturniidae,Saturnia,pyri,02167_Animalia_Arthropoda_Insecta_Lepidoptera_Saturniidae_Saturnia_pyri
105,2185,Dolba hyloeus,Pawpaw Sphinx Moth,Animalia,Arthropoda,Insecta,Lepidoptera,Sphingidae,Dolba,hyloeus,02185_Animalia_Arthropoda_Insecta_Lepidoptera_Sphingidae_Dolba_hyloeus
106,2198,Hippotion scrofa,Hippotion scrofa,Animalia,Arthropoda,Insecta,Lepidoptera,Sphingidae,Hippotion,scrofa,02198_Animalia_Arthropoda_Insecta_Lepidoptera_Sphingidae_Hippotion_scrofa
107,2211,Paonias excaecata,Blinded Sphinx Moth,Animalia,Arthropoda,Insecta,Lepidoptera,Sphingidae,Paonias,excaecata,02211_Animalia_Arthropoda_Insecta_Lepidoptera_Sphingidae_Paonias_excaecata
108,2222,Sphinx pinastri,Pine Hawk-Moth,Animalia,Arthropoda,Insecta,Lepidoptera,Sphingidae,Sphinx,pinastri,02222_Animalia_Arthropoda_Insecta_Lepidoptera_Sphingidae_Sphinx_pinastri
109,2235,Argyrotaenia velutinana,Red-banded Leafroller,Animalia,Arthropoda,Insecta,Lepidoptera,Tortricidae,Argyrotaenia,velutinana,02235_Animalia_Arthropoda_Insecta_Lepidoptera_Tortricidae_Argyrotaenia_velutinana
110,2246,Cydia latiferreana,Filbertworm Moth,Animalia,Arthropoda,Insecta,Lepidoptera,Tortricidae,Cydia,latiferreana,02246_Animalia_Arthropoda_Insecta_Lepidoptera_Tortricidae_Cydia_latiferreana
111,2249,Epiblema otiosana,Bidens Borer Moth,Animalia,Arthropoda,Insecta,Lepidoptera,Tortricidae,Epiblema,otiosana,02249_Animalia_Arthropoda_Insecta_Lepidoptera_Tortricidae_Epiblema_otiosana
112,2262,Platynota rostrana,Omnivorous Platynota Moth,Animalia,Arthropoda,Insecta,Lepidoptera,Tortricidae,Platynota,rostrana,02262_Animalia_Arthropoda_Insecta_Lepidoptera_Tortricidae_Platynota_rostrana
113,2284,Orthodera ministralis,Australian Green Mantis,Animalia,Arthropoda,Insecta,Mantodea,Mantidae,Orthodera,ministralis,02284_Animalia_Arthropoda_Insecta_Mantodea_Mantidae_Orthodera_ministralis
114,2297,Chrysopa oculata,Chrysopa oculata,Animalia,Arthropoda,Insecta,Neuroptera,Chrysopidae,Chrysopa,oculata,02297_Animalia_Arthropoda_Insecta_Neuroptera_Chrysopidae_Chrysopa_oculata
115,2303,Libelloides coccajus,Owly Sulphur,Animalia,Arthropoda,Insecta,Neuroptera,Myrmeleontidae,Libelloides,coccajus,02303_Animalia_Arthropoda_Insecta_Neuroptera_Myrmeleontidae_Libelloides_coccajus
116,2332,Calopteryx maculata,Ebony Jewelwing,Animalia,Arthropoda,Insecta,Odonata,Calopterygidae,Calopteryx,maculata,02332_Animalia_Arthropoda_Insecta_Odonata_Calopterygidae_Calopteryx_maculata
117,2369,Enallagma cyathigerum,Common Blue Damselfly,Animalia,Arthropoda,Insecta,Odonata,Coenagrionidae,Enallagma,cyathigerum,02369_Animalia_Arthropoda_Insecta_Odonata_Coenagrionidae_Enallagma_cyathigerum
118,2375,Enallagma geminatum,Skimming Bluet,Animalia,Arthropoda,Insecta,Odonata,Coenagrionidae,Enallagma,geminatum,02375_Animalia_Arthropoda_Insecta_Odonata_Coenagrionidae_Enallagma_geminatum
119,2427,Erpetogomphus designatus,Eastern Ringtail,Animalia,Arthropoda,Insecta,Odonata,Gomphidae,Erpetogomphus,designatus,02427_Animalia_Arthropoda_Insecta_Odonata_Gomphidae_Erpetogomphus_designatus
120,2432,Hagenius brevistylus,Dragonhunter,Animalia,Arthropoda,Insecta,Odonata,Gomphidae,Hagenius,brevistylus,02432_Animalia_Arthropoda_Insecta_Odonata_Gomphidae_Hagenius_brevistylus
121,2463,Lestes virens,Small Spreadwing,Animalia,Arthropoda,Insecta,Odonata,Lestidae,Lestes,virens,02463_Animalia_Arthropoda_Insecta_Odonata_Lestidae_Lestes_virens
122,2527,Neurothemis taiwanensis,Neurothemis taiwanensis,Animalia,Arthropoda,Insecta,Odonata,Libellulidae,Neurothemis,taiwanensis,02527_Animalia_Arthropoda_Insecta_Odonata_Libellulidae_Neurothemis_taiwanensis
123,2628,Pseudochorthippus curtipennis,Marsh meadow grasshopper,Animalia,Arthropoda,Insecta,Orthoptera,Acrididae,Pseudochorthippus,curtipennis,02628_Animalia_Arthropoda_Insecta_Orthoptera_Acrididae_Pseudochorthippus_curtipennis
124,2633,Schistocerca obscura,Obscure Bird Grasshopper,Animalia,Arthropoda,Insecta,Orthoptera,Acrididae,Schistocerca,obscura,02633_Animalia_Arthropoda_Insecta_Orthoptera_Acrididae_Schistocerca_obscura
125,2668,Conocephalus fuscus,Long-winged Conehead,Animalia,Arthropoda,Insecta,Orthoptera,Tettigoniidae,Conocephalus,fuscus,02668_Animalia_Arthropoda_Insecta_Orthoptera_Tettigoniidae_Conocephalus_fuscus
126,2702,Faxonius virilis,Virile Crayfish,Animalia,Arthropoda,Malacostraca,Decapoda,Cambaridae,Faxonius,virilis,02702_Animalia_Arthropoda_Malacostraca_Decapoda_Cambaridae_Faxonius_virilis
127,2736,Petrolisthes elongatus,New Zealand Half Crab,Animalia,Arthropoda,Malacostraca,Decapoda,Porcellanidae,Petrolisthes,elongatus,02736_Animalia_Arthropoda_Malacostraca_Decapoda_Porcellanidae_Petrolisthes_elongatus
128,2769,Pimephales notatus,Bluntnose Minnow,Animalia,Chordata,Actinopterygii,Cypriniformes,Cyprinidae,Pimephales,notatus,02769_Animalia_Chordata_Actinopterygii_Cypriniformes_Cyprinidae_Pimephales_notatus
129,2770,Rhinichthys atratulus,Blacknose Dace,Animalia,Chordata,Actinopterygii,Cypriniformes,Cyprinidae,Rhinichthys,atratulus,02770_Animalia_Chordata_Actinopterygii_Cypriniformes_Cyprinidae_Rhinichthys_atratulus
130,2773,Squalius cephalus,Chub,Animalia,Chordata,Actinopterygii,Cypriniformes,Cyprinidae,Squalius,cephalus,02773_Animalia_Chordata_Actinopterygii_Cypriniformes_Cyprinidae_Squalius_cephalus
131,2800,Lepomis auritus,Redbreast Sunfish,Animalia,Chordata,Actinopterygii,Perciformes,Centrarchidae,Lepomis,auritus,02800_Animalia_Chordata_Actinopterygii_Perciformes_Centrarchidae_Lepomis_auritus
132,2812,Chaetodon capistratus,Four-eyed Butterflyfish,Animalia,Chordata,Actinopterygii,Perciformes,Chaetodontidae,Chaetodon,capistratus,02812_Animalia_Chordata_Actinopterygii_Perciformes_Chaetodontidae_Chaetodon_capistratus
133,2836,Eupetrichthys angustipes,Snakeskin Wrasse,Animalia,Chordata,Actinopterygii,Perciformes,Labridae,Eupetrichthys,angustipes,02836_Animalia_Chordata_Actinopterygii_Perciformes_Labridae_Eupetrichthys_angustipes
134,2855,Parupeneus spilurus,Blackspot Goatfish,Animalia,Chordata,Actinopterygii,Perciformes,Mullidae,Parupeneus,spilurus,02855_Animalia_Chordata_Actinopterygii_Perciformes_Mullidae_Parupeneus_spilurus
135,2858,Perca flavescens,Yellow Perch,Animalia,Chordata,Actinopterygii,Perciformes,Percidae,Perca,flavescens,02858_Animalia_Chordata_Actinopterygii_Perciformes_Percidae_Perca_flavescens
136,2866,Abudefduf vaigiensis,Indo-Pacific Sergeant Major,Animalia,Chordata,Actinopterygii,Perciformes,Pomacentridae,Abudefduf,vaigiensis,02866_Animalia_Chordata_Actinopterygii_Perciformes_Pomacentridae_Abudefduf_vaigiensis
137,2878,Aplodinotus grunniens,Freshwater Drum,Animalia,Chordata,Actinopterygii,Perciformes,Sciaenidae,Aplodinotus,grunniens,02878_Animalia_Chordata_Actinopterygii_Perciformes_Sciaenidae_Aplodinotus_grunniens
138,2884,Paralabrax clathratus,Kelp Bass,Animalia,Chordata,Actinopterygii,Perciformes,Serranidae,Paralabrax,clathratus,02884_Animalia_Chordata_Actinopterygii_Perciformes_Serranidae_Paralabrax_clathratus
139,2914,Plotosus lineatus,Striped Eel Catfish,Animalia,Chordata,Actinopterygii,Siluriformes,Plotosidae,Plotosus,lineatus,02914_Animalia_Chordata_Actinopterygii_Siluriformes_Plotosidae_Plotosus_lineatus
140,2919,Hippocampus histrix,Spiny Seahorse,Animalia,Chordata,Actinopterygii,Syngnathiformes,Syngnathidae,Hippocampus,histrix,02919_Animalia_Chordata_Actinopterygii_Syngnathiformes_Syngnathidae_Hippocampus_histrix
141,2973,Pristimantis achatinus,Cachabi Robber Frog,Animalia,Chordata,Amphibia,Anura,Craugastoridae,Pristimantis,achatinus,02973_Animalia_Chordata_Amphibia_Anura_Craugastoridae_Pristimantis_achatinus
142,3014,Litoria fallax,Eastern Dwarf Treefrog,Animalia,Chordata,Amphibia,Anura,Pelodryadidae,Litoria,fallax,03014_Animalia_Chordata_Amphibia_Anura_Pelodryadidae_Litoria_fallax
143,3040,Rana aurora,Northern Red-legged Frog,Animalia,Chordata,Amphibia,Anura,Ranidae,Rana,aurora,03040_Animalia_Chordata_Amphibia_Anura_Ranidae_Rana_aurora
144,3070,Aneides aeneus,Green Salamander,Animalia,Chordata,Amphibia,Caudata,Plethodontidae,Aneides,aeneus,03070_Animalia_Chordata_Amphibia_Caudata_Plethodontidae_Aneides_aeneus
145,3107,Triturus carnifex,Italian Crested Newt,Animalia,Chordata,Amphibia,Caudata,Salamandridae,Triturus,carnifex,03107_Animalia_Chordata_Amphibia_Caudata_Salamandridae_Triturus_carnifex
146,3120,Aquila heliaca,Imperial Eagle,Animalia,Chordata,Aves,Accipitriformes,Accipitridae,Aquila,heliaca,03120_Animalia_Chordata_Aves_Accipitriformes_Accipitridae_Aquila_heliaca
147,3177,Pernis apivorus,European Honey-buzzard,Animalia,Chordata,Aves,Accipitriformes,Accipitridae,Pernis,apivorus,03177_Animalia_Chordata_Aves_Accipitriformes_Accipitridae_Pernis_apivorus
148,3199,Anas georgica,Yellow-billed Pintail,Animalia,Chordata,Aves,Anseriformes,Anatidae,Anas,georgica,03199_Animalia_Chordata_Aves_Anseriformes_Anatidae_Anas_georgica
149,3244,Cygnus olor,Mute Swan,Animalia,Chordata,Aves,Anseriformes,Anatidae,Cygnus,olor,03244_Animalia_Chordata_Aves_Anseriformes_Anatidae_Cygnus_olor
150,3258,Melanitta perspicillata,Surf Scoter,Animalia,Chordata,Aves,Anseriformes,Anatidae,Melanitta,perspicillata,03258_Animalia_Chordata_Aves_Anseriformes_Anatidae_Melanitta_perspicillata
151,3259,Mergellus albellus,Smew,Animalia,Chordata,Aves,Anseriformes,Anatidae,Mergellus,albellus,03259_Animalia_Chordata_Aves_Anseriformes_Anatidae_Mergellus_albellus
152,3260,Mergus merganser,Common Merganser,Animalia,Chordata,Aves,Anseriformes,Anatidae,Mergus,merganser,03260_Animalia_Chordata_Aves_Anseriformes_Anatidae_Mergus_merganser
153,3306,Archilochus alexandri,Black-chinned Hummingbird,Animalia,Chordata,Aves,Caprimulgiformes,Trochilidae,Archilochus,alexandri,03306_Animalia_Chordata_Aves_Caprimulgiformes_Trochilidae_Archilochus_alexandri
154,3321,Heliodoxa jacula,Green-crowned Brilliant,Animalia,Chordata,Aves,Caprimulgiformes,Trochilidae,Heliodoxa,jacula,03321_Animalia_Chordata_Aves_Caprimulgiformes_Trochilidae_Heliodoxa_jacula
155,3358,Charadrius obscurus,Red-breasted Dotterel,Animalia,Chordata,Aves,Charadriiformes,Charadriidae,Charadrius,obscurus,03358_Animalia_Chordata_Aves_Charadriiformes_Charadriidae_Charadrius_obscurus
156,3364,Charadrius wilsonia,Wilson's Plover,Animalia,Chordata,Aves,Charadriiformes,Charadriidae,Charadrius,wilsonia,03364_Animalia_Chordata_Aves_Charadriiformes_Charadriidae_Charadrius_wilsonia
157,3367,Pluvialis dominica,American Golden-Plover,Animalia,Chordata,Aves,Charadriiformes,Charadriidae,Pluvialis,dominica,03367_Animalia_Chordata_Aves_Charadriiformes_Charadriidae_Pluvialis_dominica
158,3372,Vanellus coronatus,Crowned Lapwing,Animalia,Chordata,Aves,Charadriiformes,Charadriidae,Vanellus,coronatus,03372_Animalia_Chordata_Aves_Charadriiformes_Charadriidae_Vanellus_coronatus
159,3385,Haematopus palliatus,American Oystercatcher,Animalia,Chordata,Aves,Charadriiformes,Haematopodidae,Haematopus,palliatus,03385_Animalia_Chordata_Aves_Charadriiformes_Haematopodidae_Haematopus_palliatus
160,3398,Chroicocephalus hartlaubii,Hartlaub's Gull,Animalia,Chordata,Aves,Charadriiformes,Laridae,Chroicocephalus,hartlaubii,03398_Animalia_Chordata_Aves_Charadriiformes_Laridae_Chroicocephalus_hartlaubii
161,3402,Chroicocephalus ridibundus,Black-headed Gull,Animalia,Chordata,Aves,Charadriiformes,Laridae,Chroicocephalus,ridibundus,03402_Animalia_Chordata_Aves_Charadriiformes_Laridae_Chroicocephalus_ridibundus
162,3410,Larus cachinnans,Caspian Gull,Animalia,Chordata,Aves,Charadriiformes,Laridae,Larus,cachinnans,03410_Animalia_Chordata_Aves_Charadriiformes_Laridae_Larus_cachinnans
163,3417,Larus glaucescens,Glaucous-winged Gull,Animalia,Chordata,Aves,Charadriiformes,Laridae,Larus,glaucescens,03417_Animalia_Chordata_Aves_Charadriiformes_Laridae_Larus_glaucescens
164,3481,Numenius madagascariensis,Far Eastern Curlew,Animalia,Chordata,Aves,Charadriiformes,Scolopacidae,Numenius,madagascariensis,03481_Animalia_Chordata_Aves_Charadriiformes_Scolopacidae_Numenius_madagascariensis
165,3490,Tringa glareola,Wood Sandpiper,Animalia,Chordata,Aves,Charadriiformes,Scolopacidae,Tringa,glareola,03490_Animalia_Chordata_Aves_Charadriiformes_Scolopacidae_Tringa_glareola
166,3529,Patagioenas flavirostris,Red-billed Pigeon,Animalia,Chordata,Aves,Columbiformes,Columbidae,Patagioenas,flavirostris,03529_Animalia_Chordata_Aves_Columbiformes_Columbidae_Patagioenas_flavirostris
167,3635,Pavo cristatus,Common Peafowl,Animalia,Chordata,Aves,Galliformes,Phasianidae,Pavo,cristatus,03635_Animalia_Chordata_Aves_Galliformes_Phasianidae_Pavo_cristatus
168,3673,Zapornia flavirostra,Black Crake,Animalia,Chordata,Aves,Gruiformes,Rallidae,Zapornia,flavirostra,03673_Animalia_Chordata_Aves_Gruiformes_Rallidae_Zapornia_flavirostra
169,3715,Passerina ciris,Painted Bunting,Animalia,Chordata,Aves,Passeriformes,Cardinalidae,Passerina,ciris,03715_Animalia_Chordata_Aves_Passeriformes_Cardinalidae_Passerina_ciris
170,3719,Pheucticus chrysopeplus,Yellow Grosbeak,Animalia,Chordata,Aves,Passeriformes,Cardinalidae,Pheucticus,chrysopeplus,03719_Animalia_Chordata_Aves_Passeriformes_Cardinalidae_Pheucticus_chrysopeplus
171,3728,Certhia americana,Brown Creeper,Animalia,Chordata,Aves,Passeriformes,Certhiidae,Certhia,americana,03728_Animalia_Chordata_Aves_Passeriformes_Certhiidae_Certhia_americana
172,3759,Corvus ossifragus,Fish Crow,Animalia,Chordata,Aves,Passeriformes,Corvidae,Corvus,ossifragus,03759_Animalia_Chordata_Aves_Passeriformes_Corvidae_Corvus_ossifragus
173,3777,Psilorhinus morio,Brown Jay,Animalia,Chordata,Aves,Passeriformes,Corvidae,Psilorhinus,morio,03777_Animalia_Chordata_Aves_Passeriformes_Corvidae_Psilorhinus_morio
174,3778,Pyrrhocorax graculus,Alpine Chough,Animalia,Chordata,Aves,Passeriformes,Corvidae,Pyrrhocorax,graculus,03778_Animalia_Chordata_Aves_Passeriformes_Corvidae_Pyrrhocorax_graculus
175,3804,Taeniopygia bichenovii,Double-barred Finch,Animalia,Chordata,Aves,Passeriformes,Estrildidae,Taeniopygia,bichenovii,03804_Animalia_Chordata_Aves_Passeriformes_Estrildidae_Taeniopygia_bichenovii
176,3828,Loxia curvirostra,Red Crossbill,Animalia,Chordata,Aves,Passeriformes,Fringillidae,Loxia,curvirostra,03828_Animalia_Chordata_Aves_Passeriformes_Fringillidae_Loxia_curvirostra
177,3849,Hirundo rustica,Barn Swallow,Animalia,Chordata,Aves,Passeriformes,Hirundinidae,Hirundo,rustica,03849_Animalia_Chordata_Aves_Passeriformes_Hirundinidae_Hirundo_rustica
178,3859,Riparia riparia,Bank Swallow,Animalia,Chordata,Aves,Passeriformes,Hirundinidae,Riparia,riparia,03859_Animalia_Chordata_Aves_Passeriformes_Hirundinidae_Riparia_riparia
179,3860,Stelgidopteryx ruficollis,Southern Rough-winged Swallow,Animalia,Chordata,Aves,Passeriformes,Hirundinidae,Stelgidopteryx,ruficollis,03860_Animalia_Chordata_Aves_Passeriformes_Hirundinidae_Stelgidopteryx_ruficollis
180,3865,Tachycineta thalassina,Violet-green Swallow,Animalia,Chordata,Aves,Passeriformes,Hirundinidae,Tachycineta,thalassina,03865_Animalia_Chordata_Aves_Passeriformes_Hirundinidae_Tachycineta_thalassina
181,3868,Agelaius tricolor,Tricolored Blackbird,Animalia,Chordata,Aves,Passeriformes,Icteridae,Agelaius,tricolor,03868_Animalia_Chordata_Aves_Passeriformes_Icteridae_Agelaius_tricolor
182,3901,Quiscalus quiscula,Common Grackle,Animalia,Chordata,Aves,Passeriformes,Icteridae,Quiscalus,quiscula,03901_Animalia_Chordata_Aves_Passeriformes_Icteridae_Quiscalus_quiscula
183,3938,Ptilotula penicillata,White-plumed Honeyeater,Animalia,Chordata,Aves,Passeriformes,Meliphagidae,Ptilotula,penicillata,03938_Animalia_Chordata_Aves_Passeriformes_Meliphagidae_Ptilotula_penicillata
184,3961,Anthus pratensis,Meadow Pipit,Animalia,Chordata,Aves,Passeriformes,Motacillidae,Anthus,pratensis,03961_Animalia_Chordata_Aves_Passeriformes_Motacillidae_Anthus_pratensis
185,3990,Oenanthe familiaris,Familiar Chat,Animalia,Chordata,Aves,Passeriformes,Muscicapidae,Oenanthe,familiaris,03990_Animalia_Chordata_Aves_Passeriformes_Muscicapidae_Oenanthe_familiaris
186,4040,Poecile hudsonicus,Boreal Chickadee,Animalia,Chordata,Aves,Passeriformes,Paridae,Poecile,hudsonicus,04040_Animalia_Chordata_Aves_Passeriformes_Paridae_Poecile_hudsonicus
187,4043,Poecile rufescens,Chestnut-backed Chickadee,Animalia,Chordata,Aves,Passeriformes,Paridae,Poecile,rufescens,04043_Animalia_Chordata_Aves_Passeriformes_Paridae_Poecile_rufescens
188,4068,Setophaga cerulea,Cerulean Warbler,Animalia,Chordata,Aves,Passeriformes,Parulidae,Setophaga,cerulea,04068_Animalia_Chordata_Aves_Passeriformes_Parulidae_Setophaga_cerulea
189,4070,Setophaga citrina,Hooded Warbler,Animalia,Chordata,Aves,Passeriformes,Parulidae,Setophaga,citrina,04070_Animalia_Chordata_Aves_Passeriformes_Parulidae_Setophaga_citrina
190,4073,Setophaga dominica,Yellow-throated Warbler,Animalia,Chordata,Aves,Passeriformes,Parulidae,Setophaga,dominica,04073_Animalia_Chordata_Aves_Passeriformes_Parulidae_Setophaga_dominica
191,4084,Setophaga ruticilla,American Redstart,Animalia,Chordata,Aves,Passeriformes,Parulidae,Setophaga,ruticilla,04084_Animalia_Chordata_Aves_Passeriformes_Parulidae_Setophaga_ruticilla
192,4089,Vermivora chrysoptera,Golden-winged Warbler,Animalia,Chordata,Aves,Passeriformes,Parulidae,Vermivora,chrysoptera,04089_Animalia_Chordata_Aves_Passeriformes_Parulidae_Vermivora_chrysoptera
193,4099,Calamospiza melanocorys,Lark Bunting,Animalia,Chordata,Aves,Passeriformes,Passerellidae,Calamospiza,melanocorys,04099_Animalia_Chordata_Aves_Passeriformes_Passerellidae_Calamospiza_melanocorys
194,4100,Centronyx henslowii,Henslow's Sparrow,Animalia,Chordata,Aves,Passeriformes,Passerellidae,Centronyx,henslowii,04100_Animalia_Chordata_Aves_Passeriformes_Passerellidae_Centronyx_henslowii
195,4118,Pipilo erythrophthalmus,Eastern Towhee,Animalia,Chordata,Aves,Passeriformes,Passerellidae,Pipilo,erythrophthalmus,04118_Animalia_Chordata_Aves_Passeriformes_Passerellidae_Pipilo_erythrophthalmus
196,4138,Eopsaltria australis,Eastern Yellow Robin,Animalia,Chordata,Aves,Passeriformes,Petroicidae,Eopsaltria,australis,04138_Animalia_Chordata_Aves_Passeriformes_Petroicidae_Eopsaltria_australis
197,4142,Petroica macrocephala,Tomtit,Animalia,Chordata,Aves,Passeriformes,Petroicidae,Petroica,macrocephala,04142_Animalia_Chordata_Aves_Passeriformes_Petroicidae_Petroica_macrocephala
198,4178,Regulus ignicapilla,Common Firecrest,Animalia,Chordata,Aves,Passeriformes,Regulidae,Regulus,ignicapilla,04178_Animalia_Chordata_Aves_Passeriformes_Regulidae_Regulus_ignicapilla
199,4189,Sitta pusilla,Brown-headed Nuthatch,Animalia,Chordata,Aves,Passeriformes,Sittidae,Sitta,pusilla,04189_Animalia_Chordata_Aves_Passeriformes_Sittidae_Sitta_pusilla
200,4203,Chamaea fasciata,Wrentit,Animalia,Chordata,Aves,Passeriformes,Sylviidae,Chamaea,fasciata,04203_Animalia_Chordata_Aves_Passeriformes_Sylviidae_Chamaea_fasciata
201,4228,Saltator coerulescens,Grayish Saltator,Animalia,Chordata,Aves,Passeriformes,Thraupidae,Saltator,coerulescens,04228_Animalia_Chordata_Aves_Passeriformes_Thraupidae_Saltator_coerulescens
202,4245,Thraupis episcopus,Blue-gray Tanager,Animalia,Chordata,Aves,Passeriformes,Thraupidae,Thraupis,episcopus,04245_Animalia_Chordata_Aves_Passeriformes_Thraupidae_Thraupis_episcopus
203,4293,Contopus cooperi,Olive-sided Flycatcher,Animalia,Chordata,Aves,Passeriformes,Tyrannidae,Contopus,cooperi,04293_Animalia_Chordata_Aves_Passeriformes_Tyrannidae_Contopus_cooperi
204,4295,Contopus sordidulus,Western Wood-Pewee,Animalia,Chordata,Aves,Passeriformes,Tyrannidae,Contopus,sordidulus,04295_Animalia_Chordata_Aves_Passeriformes_Tyrannidae_Contopus_sordidulus
205,4302,Empidonax hammondii,Hammond's Flycatcher,Animalia,Chordata,Aves,Passeriformes,Tyrannidae,Empidonax,hammondii,04302_Animalia_Chordata_Aves_Passeriformes_Tyrannidae_Empidonax_hammondii
206,4308,Fluvicola nengeta,Masked Water-Tyrant,Animalia,Chordata,Aves,Passeriformes,Tyrannidae,Fluvicola,nengeta,04308_Animalia_Chordata_Aves_Passeriformes_Tyrannidae_Fluvicola_nengeta
207,4313,Myiarchus cinerascens,Ash-throated Flycatcher,Animalia,Chordata,Aves,Passeriformes,Tyrannidae,Myiarchus,cinerascens,04313_Animalia_Chordata_Aves_Passeriformes_Tyrannidae_Myiarchus_cinerascens
208,4350,Zosterops japonicus,Warbling White-eye,Animalia,Chordata,Aves,Passeriformes,Zosteropidae,Zosterops,japonicus,04350_Animalia_Chordata_Aves_Passeriformes_Zosteropidae_Zosterops_japonicus
209,4352,Zosterops palpebrosus,Indian White-eye,Animalia,Chordata,Aves,Passeriformes,Zosteropidae,Zosterops,palpebrosus,04352_Animalia_Chordata_Aves_Passeriformes_Zosteropidae_Zosterops_palpebrosus
210,4372,Cochlearius cochlearius,Boat-billed Heron,Animalia,Chordata,Aves,Pelecaniformes,Ardeidae,Cochlearius,cochlearius,04372_Animalia_Chordata_Aves_Pelecaniformes_Ardeidae_Cochlearius_cochlearius
211,4386,Nycticorax nycticorax,Black-crowned Night Heron,Animalia,Chordata,Aves,Pelecaniformes,Ardeidae,Nycticorax,nycticorax,04386_Animalia_Chordata_Aves_Pelecaniformes_Ardeidae_Nycticorax_nycticorax
212,4391,Pelecanus crispus,Dalmatian Pelican,Animalia,Chordata,Aves,Pelecaniformes,Pelecanidae,Pelecanus,crispus,04391_Animalia_Chordata_Aves_Pelecaniformes_Pelecanidae_Pelecanus_crispus
213,4419,Phoenicopterus ruber,American Flamingo,Animalia,Chordata,Aves,Phoenicopteriformes,Phoenicopteridae,Phoenicopterus,ruber,04419_Animalia_Chordata_Aves_Phoenicopteriformes_Phoenicopteridae_Phoenicopterus_ruber
214,4442,Dryobates pubescens,Downy Woodpecker,Animalia,Chordata,Aves,Piciformes,Picidae,Dryobates,pubescens,04442_Animalia_Chordata_Aves_Piciformes_Picidae_Dryobates_pubescens
215,4553,Megascops asio,Eastern Screech-Owl,Animalia,Chordata,Aves,Strigiformes,Strigidae,Megascops,asio,04553_Animalia_Chordata_Aves_Strigiformes_Strigidae_Megascops_asio
216,4578,Phalacrocorax pelagicus,Pelagic Cormorant,Animalia,Chordata,Aves,Suliformes,Phalacrocoracidae,Phalacrocorax,pelagicus,04578_Animalia_Chordata_Aves_Suliformes_Phalacrocoracidae_Phalacrocorax_pelagicus
217,4579,Phalacrocorax penicillatus,Brandt's Cormorant,Animalia,Chordata,Aves,Suliformes,Phalacrocoracidae,Phalacrocorax,penicillatus,04579_Animalia_Chordata_Aves_Suliformes_Phalacrocoracidae_Phalacrocorax_penicillatus
218,4596,Trogon rufus,Black-throated Trogon,Animalia,Chordata,Aves,Trogoniformes,Trogonidae,Trogon,rufus,04596_Animalia_Chordata_Aves_Trogoniformes_Trogonidae_Trogon_rufus
219,4609,Ginglymostoma cirratum,Nurse Shark,Animalia,Chordata,Elasmobranchii,Orectolobiformes,Ginglymostomatidae,Ginglymostoma,cirratum,04609_Animalia_Chordata_Elasmobranchii_Orectolobiformes_Ginglymostomatidae_Ginglymostoma_cirratum
220,4632,Oreotragus oreotragus,Klipspringer,Animalia,Chordata,Mammalia,Artiodactyla,Bovidae,Oreotragus,oreotragus,04632_Animalia_Chordata_Mammalia_Artiodactyla_Bovidae_Oreotragus_oreotragus
221,4641,Tragelaphus oryx,Eland,Animalia,Chordata,Mammalia,Artiodactyla,Bovidae,Tragelaphus,oryx,04641_Animalia_Chordata_Mammalia_Artiodactyla_Bovidae_Tragelaphus_oryx
222,4654,Odocoileus virginianus,White-tailed Deer,Animalia,Chordata,Mammalia,Artiodactyla,Cervidae,Odocoileus,virginianus,04654_Animalia_Chordata_Mammalia_Artiodactyla_Cervidae_Odocoileus_virginianus
223,4671,Canis lupus,Gray Wolf,Animalia,Chordata,Mammalia,Carnivora,Canidae,Canis,lupus,04671_Animalia_Chordata_Mammalia_Carnivora_Canidae_Canis_lupus
224,4673,Lycalopex culpaeus,Culpeo,Animalia,Chordata,Mammalia,Carnivora,Canidae,Lycalopex,culpaeus,04673_Animalia_Chordata_Mammalia_Carnivora_Canidae_Lycalopex_culpaeus
225,4680,Lynx canadensis,Canada Lynx,Animalia,Chordata,Mammalia,Carnivora,Felidae,Lynx,canadensis,04680_Animalia_Chordata_Mammalia_Carnivora_Felidae_Lynx_canadensis
226,4690,Mephitis macroura,Hooded Skunk,Animalia,Chordata,Mammalia,Carnivora,Mephitidae,Mephitis,macroura,04690_Animalia_Chordata_Mammalia_Carnivora_Mephitidae_Mephitis_macroura
227,4708,Phocarctos hookeri,New Zealand Sea Lion,Animalia,Chordata,Mammalia,Carnivora,Otariidae,Phocarctos,hookeri,04708_Animalia_Chordata_Mammalia_Carnivora_Otariidae_Phocarctos_hookeri
228,4732,Galeopterus variegatus,Sunda Flying Lemur,Animalia,Chordata,Mammalia,Dermoptera,Cynocephalidae,Galeopterus,variegatus,04732_Animalia_Chordata_Mammalia_Dermoptera_Cynocephalidae_Galeopterus_variegatus
229,4736,Macropus fuliginosus,Western Grey Kangaroo,Animalia,Chordata,Mammalia,Diprotodontia,Macropodidae,Macropus,fuliginosus,04736_Animalia_Chordata_Mammalia_Diprotodontia_Macropodidae_Macropus_fuliginosus
230,4794,Castor canadensis,American Beaver,Animalia,Chordata,Mammalia,Rodentia,Castoridae,Castor,canadensis,04794_Animalia_Chordata_Mammalia_Rodentia_Castoridae_Castor_canadensis
231,4801,Myodes glareolus,Bank Vole,Animalia,Chordata,Mammalia,Rodentia,Cricetidae,Myodes,glareolus,04801_Animalia_Chordata_Mammalia_Rodentia_Cricetidae_Myodes_glareolus
232,4833,Marmota monax,Woodchuck,Animalia,Chordata,Mammalia,Rodentia,Sciuridae,Marmota,monax,04833_Animalia_Chordata_Mammalia_Rodentia_Sciuridae_Marmota_monax
233,4843,Sciurus aureogaster,Red-bellied Squirrel,Animalia,Chordata,Mammalia,Rodentia,Sciuridae,Sciurus,aureogaster,04843_Animalia_Chordata_Mammalia_Rodentia_Sciuridae_Sciurus_aureogaster
234,4860,Caiman crocodilus,Common Caiman,Animalia,Chordata,Reptilia,Crocodylia,Alligatoridae,Caiman,crocodilus,04860_Animalia_Chordata_Reptilia_Crocodylia_Alligatoridae_Caiman_crocodilus
235,4862,Crocodylus moreletii,Belize Crocodile,Animalia,Chordata,Reptilia,Crocodylia,Crocodylidae,Crocodylus,moreletii,04862_Animalia_Chordata_Reptilia_Crocodylia_Crocodylidae_Crocodylus_moreletii
236,4879,Anguis veronensis,Italian Slow Worm,Animalia,Chordata,Reptilia,Squamata,Anguidae,Anguis,veronensis,04879_Animalia_Chordata_Reptilia_Squamata_Anguidae_Anguis_veronensis
237,4884,Gerrhonotus infernalis,Texas Alligator Lizard,Animalia,Chordata,Reptilia,Squamata,Anguidae,Gerrhonotus,infernalis,04884_Animalia_Chordata_Reptilia_Squamata_Anguidae_Gerrhonotus_infernalis
238,4904,Dendrelaphis pictus,Common Bronze-back,Animalia,Chordata,Reptilia,Squamata,Colubridae,Dendrelaphis,pictus,04904_Animalia_Chordata_Reptilia_Squamata_Colubridae_Dendrelaphis_pictus
239,4925,Lampropeltis triangulum,Eastern Milksnake,Animalia,Chordata,Reptilia,Squamata,Colubridae,Lampropeltis,triangulum,04925_Animalia_Chordata_Reptilia_Squamata_Colubridae_Lampropeltis_triangulum
240,4964,Tantilla gracilis,Flat-headed Snake,Animalia,Chordata,Reptilia,Squamata,Colubridae,Tantilla,gracilis,04964_Animalia_Chordata_Reptilia_Squamata_Colubridae_Tantilla_gracilis
241,4977,Zamenis longissimus,Aesculapian Snake,Animalia,Chordata,Reptilia,Squamata,Colubridae,Zamenis,longissimus,04977_Animalia_Chordata_Reptilia_Squamata_Colubridae_Zamenis_longissimus
242,4981,Basiliscus vittatus,Brown Basilisk,Animalia,Chordata,Reptilia,Squamata,Corytophanidae,Basiliscus,vittatus,04981_Animalia_Chordata_Reptilia_Squamata_Corytophanidae_Basiliscus_vittatus
243,4995,Micrurus tener,Texas Coralsnake,Animalia,Chordata,Reptilia,Squamata,Elapidae,Micrurus,tener,04995_Animalia_Chordata_Reptilia_Squamata_Elapidae_Micrurus_tener
244,5016,Iguana iguana,Green Iguana,Animalia,Chordata,Reptilia,Squamata,Iguanidae,Iguana,iguana,05016_Animalia_Chordata_Reptilia_Squamata_Iguanidae_Iguana_iguana
245,5028,Pseudaspis cana,Mole Snake,Animalia,Chordata,Reptilia,Squamata,Lamprophiidae,Pseudaspis,cana,05028_Animalia_Chordata_Reptilia_Squamata_Lamprophiidae_Pseudaspis_cana
246,5080,Plestiodon obsoletus,Great Plains Skink,Animalia,Chordata,Reptilia,Squamata,Scincidae,Plestiodon,obsoletus,05080_Animalia_Chordata_Reptilia_Squamata_Scincidae_Plestiodon_obsoletus
247,5118,Crotalus oreganus,Western Rattlesnake,Animalia,Chordata,Reptilia,Squamata,Viperidae,Crotalus,oreganus,05118_Animalia_Chordata_Reptilia_Squamata_Viperidae_Crotalus_oreganus
248,5124,Sistrurus catenatus,Massasauga,Animalia,Chordata,Reptilia,Squamata,Viperidae,Sistrurus,catenatus,05124_Animalia_Chordata_Reptilia_Squamata_Viperidae_Sistrurus_catenatus
249,5172,Actinia equina,Beadlet anemone,Animalia,Cnidaria,Anthozoa,Actiniaria,Actiniidae,Actinia,equina,05172_Animalia_Cnidaria_Anthozoa_Actiniaria_Actiniidae_Actinia_equina
250,5220,Clinocardium nuttallii,Nuttall's Cockle,Animalia,Mollusca,Bivalvia,Cardiida,Cardiidae,Clinocardium,nuttallii,05220_Animalia_Mollusca_Bivalvia_Cardiida_Cardiidae_Clinocardium_nuttallii
251,5273,Aliger gigas,Queen Conch,Animalia,Mollusca,Gastropoda,Littorinimorpha,Strombidae,Aliger,gigas,05273_Animalia_Mollusca_Gastropoda_Littorinimorpha_Strombidae_Aliger_gigas
252,5277,Buccinum undatum,Common Whelk,Animalia,Mollusca,Gastropoda,Neogastropoda,Buccinidae,Buccinum,undatum,05277_Animalia_Mollusca_Gastropoda_Neogastropoda_Buccinidae_Buccinum_undatum
253,5283,Californiconus californicus,California Cone,Animalia,Mollusca,Gastropoda,Neogastropoda,Conidae,Californiconus,californicus,05283_Animalia_Mollusca_Gastropoda_Neogastropoda_Conidae_Californiconus_californicus
254,5291,Americoliva sayana,Lettered Olive,Animalia,Mollusca,Gastropoda,Neogastropoda,Olividae,Americoliva,sayana,05291_Animalia_Mollusca_Gastropoda_Neogastropoda_Olividae_Americoliva_sayana
255,5312,Phidiana hiltoni,Hilton's Aeolid,Animalia,Mollusca,Gastropoda,Nudibranchia,Facelinidae,Phidiana,hiltoni,05312_Animalia_Mollusca_Gastropoda_Nudibranchia_Facelinidae_Phidiana_hiltoni
256,5323,Phyllidia varicosa,Varicose Wart Slug,Animalia,Mollusca,Gastropoda,Nudibranchia,Phyllidiidae,Phyllidia,varicosa,05323_Animalia_Mollusca_Gastropoda_Nudibranchia_Phyllidiidae_Phyllidia_varicosa
257,5330,Rumina decollata,Decollate Snail,Animalia,Mollusca,Gastropoda,Stylommatophora,Achatinidae,Rumina,decollata,05330_Animalia_Mollusca_Gastropoda_Stylommatophora_Achatinidae_Rumina_decollata
258,5347,Cepaea hortensis,White-lipped Snail,Animalia,Mollusca,Gastropoda,Stylommatophora,Helicidae,Cepaea,hortensis,05347_Animalia_Mollusca_Gastropoda_Stylommatophora_Helicidae_Cepaea_hortensis
259,5350,Helix lucorum,Turkish Snail,Animalia,Mollusca,Gastropoda,Stylommatophora,Helicidae,Helix,lucorum,05350_Animalia_Mollusca_Gastropoda_Stylommatophora_Helicidae_Helix_lucorum
260,5387,Tonicella lineata,Lined Chiton,Animalia,Mollusca,Polyplacophora,Chitonida,Tonicellidae,Tonicella,lineata,05387_Animalia_Mollusca_Polyplacophora_Chitonida_Tonicellidae_Tonicella_lineata
261,5433,Peltigera praetextata,scaly pelt lichen,Fungi,Ascomycota,Lecanoromycetes,Peltigerales,Peltigeraceae,Peltigera,praetextata,05433_Fungi_Ascomycota_Lecanoromycetes_Peltigerales_Peltigeraceae_Peltigera_praetextata
262,5441,Teloschistes flavicans,Golden Hair-lichen,Fungi,Ascomycota,Lecanoromycetes,Teloschistales,Teloschistaceae,Teloschistes,flavicans,05441_Fungi_Ascomycota_Lecanoromycetes_Teloschistales_Teloschistaceae_Teloschistes_flavicans
263,5445,Umbilicaria mammulata,Smooth Rock Tripe,Fungi,Ascomycota,Lecanoromycetes,Umbilicariales,Umbilicariaceae,Umbilicaria,mammulata,05445_Fungi_Ascomycota_Lecanoromycetes_Umbilicariales_Umbilicariaceae_Umbilicaria_mammulata
264,5474,Agaricus xanthodermus,Yellow Stainer,Fungi,Basidiomycota,Agaricomycetes,Agaricales,Agaricaceae,Agaricus,xanthodermus,05474_Fungi_Basidiomycota_Agaricomycetes_Agaricales_Agaricaceae_Agaricus_xanthodermus
265,5477,Chlorophyllum molybdites,green-spored parasol,Fungi,Basidiomycota,Agaricomycetes,Agaricales,Agaricaceae,Chlorophyllum,molybdites,05477_Fungi_Basidiomycota_Agaricomycetes_Agaricales_Agaricaceae_Chlorophyllum_molybdites
266,5498,Amanita rubescens,blusher,Fungi,Basidiomycota,Agaricomycetes,Agaricales,Amanitaceae,Amanita,rubescens,05498_Fungi_Basidiomycota_Agaricomycetes_Agaricales_Amanitaceae_Amanita_rubescens
267,5523,Lichenomphalia umbellifera,Lichen Agaric,Fungi,Basidiomycota,Agaricomycetes,Agaricales,Hygrophoraceae,Lichenomphalia,umbellifera,05523_Fungi_Basidiomycota_Agaricomycetes_Agaricales_Hygrophoraceae_Lichenomphalia_umbellifera
268,5541,Roridomyces austrororidus,Roridomyces austrororidus,Fungi,Basidiomycota,Agaricomycetes,Agaricales,Mycenaceae,Roridomyces,austrororidus,05541_Fungi_Basidiomycota_Agaricomycetes_Agaricales_Mycenaceae_Roridomyces_austrororidus
269,5599,Chalciporus piperatus,Peppery Bolete,Fungi,Basidiomycota,Agaricomycetes,Boletales,Boletaceae,Chalciporus,piperatus,05599_Fungi_Basidiomycota_Agaricomycetes_Boletales_Boletaceae_Chalciporus_piperatus
270,5633,Turbinellus floccosus,Scaly Chanterelle,Fungi,Basidiomycota,Agaricomycetes,Gomphales,Gomphaceae,Turbinellus,floccosus,05633_Fungi_Basidiomycota_Agaricomycetes_Gomphales_Gomphaceae_Turbinellus_floccosus
271,5648,Phallus impudicus,stinkhorn,Fungi,Basidiomycota,Agaricomycetes,Phallales,Phallaceae,Phallus,impudicus,05648_Fungi_Basidiomycota_Agaricomycetes_Phallales_Phallaceae_Phallus_impudicus
272,5676,Fomes fomentarius,Hoof Fungus,Fungi,Basidiomycota,Agaricomycetes,Polyporales,Polyporaceae,Fomes,fomentarius,05676_Fungi_Basidiomycota_Agaricomycetes_Polyporales_Polyporaceae_Fomes_fomentarius
273,5700,Hericium americanum,Bear's Head Tooth,Fungi,Basidiomycota,Agaricomycetes,Russulales,Hericiaceae,Hericium,americanum,05700_Fungi_Basidiomycota_Agaricomycetes_Russulales_Hericiaceae_Hericium_americanum
274,5714,Xylobolus frustulatus,ceramic parchment,Fungi,Basidiomycota,Agaricomycetes,Russulales,Stereaceae,Xylobolus,frustulatus,05714_Fungi_Basidiomycota_Agaricomycetes_Russulales_Stereaceae_Xylobolus_frustulatus
275,5734,Rhizomnium glabrescens,fan moss,Plantae,Bryophyta,Bryopsida,Bryales,Mniaceae,Rhizomnium,glabrescens,05734_Plantae_Bryophyta_Bryopsida_Bryales_Mniaceae_Rhizomnium_glabrescens
276,5756,Thuidium delicatulum,delicate fern moss,Plantae,Bryophyta,Bryopsida,Hypnales,Thuidiaceae,Thuidium,delicatulum,05756_Plantae_Bryophyta_Bryopsida_Hypnales_Thuidiaceae_Thuidium_delicatulum
277,5764,Codium fragile,Sponge Weed,Plantae,Chlorophyta,Ulvophyceae,Bryopsidales,Codiaceae,Codium,fragile,05764_Plantae_Chlorophyta_Ulvophyceae_Bryopsidales_Codiaceae_Codium_fragile
278,5769,Radula complanata,Flat-leaved Scalewort,Plantae,Marchantiophyta,Jungermanniopsida,Porellales,Radulaceae,Radula,complanata,05769_Plantae_Marchantiophyta_Jungermanniopsida_Porellales_Radulaceae_Radula_complanata
279,5783,Ephedra trifurca,longleaf ephedra,Plantae,Tracheophyta,Gnetopsida,Ephedrales,Ephedraceae,Ephedra,trifurca,05783_Plantae_Tracheophyta_Gnetopsida_Ephedrales_Ephedraceae_Ephedra_trifurca
280,5824,Cocos nucifera,coconut palm,Plantae,Tracheophyta,Liliopsida,Arecales,Arecaceae,Cocos,nucifera,05824_Plantae_Tracheophyta_Liliopsida_Arecales_Arecaceae_Cocos_nucifera
281,5837,Allium cernuum,nodding onion,Plantae,Tracheophyta,Liliopsida,Asparagales,Amaryllidaceae,Allium,cernuum,05837_Plantae_Tracheophyta_Liliopsida_Asparagales_Amaryllidaceae_Allium_cernuum
282,5856,Hymenocallis liriosme,spring spiderlily,Plantae,Tracheophyta,Liliopsida,Asparagales,Amaryllidaceae,Hymenocallis,liriosme,05856_Plantae_Tracheophyta_Liliopsida_Asparagales_Amaryllidaceae_Hymenocallis_liriosme
283,5878,Asparagus acutifolius,Spiny Asparagus,Plantae,Tracheophyta,Liliopsida,Asparagales,Asparagaceae,Asparagus,acutifolius,05878_Plantae_Tracheophyta_Liliopsida_Asparagales_Asparagaceae_Asparagus_acutifolius
284,5881,Asparagus officinalis,asparagus,Plantae,Tracheophyta,Liliopsida,Asparagales,Asparagaceae,Asparagus,officinalis,05881_Plantae_Tracheophyta_Liliopsida_Asparagales_Asparagaceae_Asparagus_officinalis
285,5887,Camassia quamash,small camas,Plantae,Tracheophyta,Liliopsida,Asparagales,Asparagaceae,Camassia,quamash,05887_Plantae_Tracheophyta_Liliopsida_Asparagales_Asparagaceae_Camassia_quamash
286,5916,Muscari neglectum,Grape hyacinth,Plantae,Tracheophyta,Liliopsida,Asparagales,Asparagaceae,Muscari,neglectum,05916_Plantae_Tracheophyta_Liliopsida_Asparagales_Asparagaceae_Muscari_neglectum
287,5948,Asphodelus ramosus,Branched Asphodel,Plantae,Tracheophyta,Liliopsida,Asparagales,Asphodelaceae,Asphodelus,ramosus,05948_Plantae_Tracheophyta_Liliopsida_Asparagales_Asphodelaceae_Asphodelus_ramosus
288,5952,Phormium cookianum,Mountain flax,Plantae,Tracheophyta,Liliopsida,Asparagales,Asphodelaceae,Phormium,cookianum,05952_Plantae_Tracheophyta_Liliopsida_Asparagales_Asphodelaceae_Phormium_cookianum
289,5962,Crocus vernus,Spring Crocus,Plantae,Tracheophyta,Liliopsida,Asparagales,Iridaceae,Crocus,vernus,05962_Plantae_Tracheophyta_Liliopsida_Asparagales_Iridaceae_Crocus_vernus
290,6005,Cephalanthera rubra,Red Helleborine,Plantae,Tracheophyta,Liliopsida,Asparagales,Orchidaceae,Cephalanthera,rubra,06005_Plantae_Tracheophyta_Liliopsida_Asparagales_Orchidaceae_Cephalanthera_rubra
291,6018,Dactylorhiza fuchsii,Common Spotted Orchid,Plantae,Tracheophyta,Liliopsida,Asparagales,Orchidaceae,Dactylorhiza,fuchsii,06018_Plantae_Tracheophyta_Liliopsida_Asparagales_Orchidaceae_Dactylorhiza_fuchsii
292,6042,Goodyera tesselata,checkered rattlesnake plantain,Plantae,Tracheophyta,Liliopsida,Asparagales,Orchidaceae,Goodyera,tesselata,06042_Plantae_Tracheophyta_Liliopsida_Asparagales_Orchidaceae_Goodyera_tesselata
293,6054,Neottia nidus-avis,bird's-nest orchid,Plantae,Tracheophyta,Liliopsida,Asparagales,Orchidaceae,Neottia,nidus-avis,06054_Plantae_Tracheophyta_Liliopsida_Asparagales_Orchidaceae_Neottia_nidus-avis
294,6060,Ophrys insectifera,Fly Orchid,Plantae,Tracheophyta,Liliopsida,Asparagales,Orchidaceae,Ophrys,insectifera,06060_Plantae_Tracheophyta_Liliopsida_Asparagales_Orchidaceae_Ophrys_insectifera
295,6094,Spathoglottis plicata,Philippine Ground Orchid,Plantae,Tracheophyta,Liliopsida,Asparagales,Orchidaceae,Spathoglottis,plicata,06094_Plantae_Tracheophyta_Liliopsida_Asparagales_Orchidaceae_Spathoglottis_plicata
296,6097,Spiranthes lacera,Slender Ladies' Tresses,Plantae,Tracheophyta,Liliopsida,Asparagales,Orchidaceae,Spiranthes,lacera,06097_Plantae_Tracheophyta_Liliopsida_Asparagales_Orchidaceae_Spiranthes_lacera
297,6157,Erythronium oregonum,giant white fawn lily,Plantae,Tracheophyta,Liliopsida,Liliales,Liliaceae,Erythronium,oregonum,06157_Plantae_Tracheophyta_Liliopsida_Liliales_Liliaceae_Erythronium_oregonum
298,6165,Fritillaria recurva,scarlet fritillary,Plantae,Tracheophyta,Liliopsida,Liliales,Liliaceae,Fritillaria,recurva,06165_Plantae_Tracheophyta_Liliopsida_Liliales_Liliaceae_Fritillaria_recurva
299,6168,Lilium bulbiferum,fire lily,Plantae,Tracheophyta,Liliopsida,Liliales,Liliaceae,Lilium,bulbiferum,06168_Plantae_Tracheophyta_Liliopsida_Liliales_Liliaceae_Lilium_bulbiferum
300,6176,Lilium pardalinum,Leopard Lily,Plantae,Tracheophyta,Liliopsida,Liliales,Liliaceae,Lilium,pardalinum,06176_Plantae_Tracheophyta_Liliopsida_Liliales_Liliaceae_Lilium_pardalinum
301,6202,Trillium nivale,snow trillium,Plantae,Tracheophyta,Liliopsida,Liliales,Melanthiaceae,Trillium,nivale,06202_Plantae_Tracheophyta_Liliopsida_Liliales_Melanthiaceae_Trillium_nivale
302,6206,Trillium undulatum,painted trillium,Plantae,Tracheophyta,Liliopsida,Liliales,Melanthiaceae,Trillium,undulatum,06206_Plantae_Tracheophyta_Liliopsida_Liliales_Melanthiaceae_Trillium_undulatum
303,6215,Smilax glauca,sawbrier,Plantae,Tracheophyta,Liliopsida,Liliales,Smilacaceae,Smilax,glauca,06215_Plantae_Tracheophyta_Liliopsida_Liliales_Smilacaceae_Smilax_glauca
304,6238,Carex digitata,Fingered Sedge,Plantae,Tracheophyta,Liliopsida,Poales,Cyperaceae,Carex,digitata,06238_Plantae_Tracheophyta_Liliopsida_Poales_Cyperaceae_Carex_digitata
305,6295,Schoenoplectus pungens,common three-square,Plantae,Tracheophyta,Liliopsida,Poales,Cyperaceae,Schoenoplectus,pungens,06295_Plantae_Tracheophyta_Liliopsida_Poales_Cyperaceae_Schoenoplectus_pungens
306,6407,Paspalum dilatatum,Dallis grass,Plantae,Tracheophyta,Liliopsida,Poales,Poaceae,Paspalum,dilatatum,06407_Plantae_Tracheophyta_Liliopsida_Poales_Poaceae_Paspalum_dilatatum
307,6416,Poa annua,Annual Meadow-grass,Plantae,Tracheophyta,Liliopsida,Poales,Poaceae,Poa,annua,06416_Plantae_Tracheophyta_Liliopsida_Poales_Poaceae_Poa_annua
308,6425,Setaria viridis,Green Bristle Grass,Plantae,Tracheophyta,Liliopsida,Poales,Poaceae,Setaria,viridis,06425_Plantae_Tracheophyta_Liliopsida_Poales_Poaceae_Setaria_viridis
309,6431,Stenotaphrum secundatum,Saint Augustine grass,Plantae,Tracheophyta,Liliopsida,Poales,Poaceae,Stenotaphrum,secundatum,06431_Plantae_Tracheophyta_Liliopsida_Poales_Poaceae_Stenotaphrum_secundatum
310,6433,Themeda triandra,Kangaroo Grass,Plantae,Tracheophyta,Liliopsida,Poales,Poaceae,Themeda,triandra,06433_Plantae_Tracheophyta_Liliopsida_Poales_Poaceae_Themeda_triandra
311,6461,Dendrolycopodium obscurum,princess pine,Plantae,Tracheophyta,Lycopodiopsida,Lycopodiales,Lycopodiaceae,Dendrolycopodium,obscurum,06461_Plantae_Tracheophyta_Lycopodiopsida_Lycopodiales_Lycopodiaceae_Dendrolycopodium_obscurum
312,6492,Chaerophyllum aromaticum,Broad-leaved Chervil,Plantae,Tracheophyta,Magnoliopsida,Apiales,Apiaceae,Chaerophyllum,aromaticum,06492_Plantae_Tracheophyta_Magnoliopsida_Apiales_Apiaceae_Chaerophyllum_aromaticum
313,6543,Torilis japonica,upright hedge-parsley,Plantae,Tracheophyta,Magnoliopsida,Apiales,Apiaceae,Torilis,japonica,06543_Plantae_Tracheophyta_Magnoliopsida_Apiales_Apiaceae_Torilis_japonica
314,6554,Fatsia japonica,Japanese aralia,Plantae,Tracheophyta,Magnoliopsida,Apiales,Araliaceae,Fatsia,japonica,06554_Plantae_Tracheophyta_Magnoliopsida_Apiales_Araliaceae_Fatsia_japonica
315,6562,Panax trifolius,dwarf ginseng,Plantae,Tracheophyta,Magnoliopsida,Apiales,Araliaceae,Panax,trifolius,06562_Plantae_Tracheophyta_Magnoliopsida_Apiales_Araliaceae_Panax_trifolius
316,6568,Schefflera actinophylla,Octopus Tree,Plantae,Tracheophyta,Magnoliopsida,Apiales,Araliaceae,Schefflera,actinophylla,06568_Plantae_Tracheophyta_Magnoliopsida_Apiales_Araliaceae_Schefflera_actinophylla
317,6585,Ilex opaca,American holly,Plantae,Tracheophyta,Magnoliopsida,Aquifoliales,Aquifoliaceae,Ilex,opaca,06585_Plantae_Tracheophyta_Magnoliopsida_Aquifoliales_Aquifoliaceae_Ilex_opaca
318,6590,Achillea millefolium,common yarrow,Plantae,Tracheophyta,Magnoliopsida,Asterales,Asteraceae,Achillea,millefolium,06590_Plantae_Tracheophyta_Magnoliopsida_Asterales_Asteraceae_Achillea_millefolium
319,6609,Ambrosia salsola,common burrobrush,Plantae,Tracheophyta,Magnoliopsida,Asterales,Asteraceae,Ambrosia,salsola,06609_Plantae_Tracheophyta_Magnoliopsida_Asterales_Asteraceae_Ambrosia_salsola
320,6639,Artemisia vulgaris,common mugwort,Plantae,Tracheophyta,Magnoliopsida,Asterales,Asteraceae,Artemisia,vulgaris,06639_Plantae_Tracheophyta_Magnoliopsida_Asterales_Asteraceae_Artemisia_vulgaris
321,6655,Bidens aristosa,tickseed beggar-ticks,Plantae,Tracheophyta,Magnoliopsida,Asterales,Asteraceae,Bidens,aristosa,06655_Plantae_Tracheophyta_Magnoliopsida_Asterales_Asteraceae_Bidens_aristosa
322,6716,Cirsium texanum,Texas Thistle,Plantae,Tracheophyta,Magnoliopsida,Asterales,Asteraceae,Cirsium,texanum,06716_Plantae_Tracheophyta_Magnoliopsida_Asterales_Asteraceae_Cirsium_texanum
323,6734,Crepis tectorum,narrow-leaved hawksbeard,Plantae,Tracheophyta,Magnoliopsida,Asterales,Asteraceae,Crepis,tectorum,06734_Plantae_Tracheophyta_Magnoliopsida_Asterales_Asteraceae_Crepis_tectorum
324,6779,Erigeron sumatrensis,tropical horseweed,Plantae,Tracheophyta,Magnoliopsida,Asterales,Asteraceae,Erigeron,sumatrensis,06779_Plantae_Tracheophyta_Magnoliopsida_Asterales_Asteraceae_Erigeron_sumatrensis
325,6785,Eupatorium altissimum,tall boneset,Plantae,Tracheophyta,Magnoliopsida,Asterales,Asteraceae,Eupatorium,altissimum,06785_Plantae_Tracheophyta_Magnoliopsida_Asterales_Asteraceae_Eupatorium_altissimum
326,6787,Eupatorium capillifolium,dogfennel,Plantae,Tracheophyta,Magnoliopsida,Asterales,Asteraceae,Eupatorium,capillifolium,06787_Plantae_Tracheophyta_Magnoliopsida_Asterales_Asteraceae_Eupatorium_capillifolium
327,6800,Gaillardia aristata,great blanketflower,Plantae,Tracheophyta,Magnoliopsida,Asterales,Asteraceae,Gaillardia,aristata,06800_Plantae_Tracheophyta_Magnoliopsida_Asterales_Asteraceae_Gaillardia_aristata
328,6818,Helenium amarum,Bitterweed,Plantae,Tracheophyta,Magnoliopsida,Asterales,Asteraceae,Helenium,amarum,06818_Plantae_Tracheophyta_Magnoliopsida_Asterales_Asteraceae_Helenium_amarum
329,6843,Hymenopappus artemisiifolius,Old Plainsman,Plantae,Tracheophyta,Magnoliopsida,Asterales,Asteraceae,Hymenopappus,artemisiifolius,06843_Plantae_Tracheophyta_Magnoliopsida_Asterales_Asteraceae_Hymenopappus_artemisiifolius
330,6874,Leucanthemum vulgare,oxeye daisy,Plantae,Tracheophyta,Magnoliopsida,Asterales,Asteraceae,Leucanthemum,vulgare,06874_Plantae_Tracheophyta_Magnoliopsida_Asterales_Asteraceae_Leucanthemum_vulgare
331,6893,Melanthera nivea,Snow Squarestem,Plantae,Tracheophyta,Magnoliopsida,Asterales,Asteraceae,Melanthera,nivea,06893_Plantae_Tracheophyta_Magnoliopsida_Asterales_Asteraceae_Melanthera_nivea
332,6901,Nabalus albus,white rattlesnakeroot,Plantae,Tracheophyta,Magnoliopsida,Asterales,Asteraceae,Nabalus,albus,06901_Plantae_Tracheophyta_Magnoliopsida_Asterales_Asteraceae_Nabalus_albus
333,6912,Ozothamnus leptophyllus,Tauhinu,Plantae,Tracheophyta,Magnoliopsida,Asterales,Asteraceae,Ozothamnus,leptophyllus,06912_Plantae_Tracheophyta_Magnoliopsida_Asterales_Asteraceae_Ozothamnus_leptophyllus
334,6918,Packera tampicana,Great Plains Ragwort,Plantae,Tracheophyta,Magnoliopsida,Asterales,Asteraceae,Packera,tampicana,06918_Plantae_Tracheophyta_Magnoliopsida_Asterales_Asteraceae_Packera_tampicana
335,6948,Polymnia canadensis,leafcup,Plantae,Tracheophyta,Magnoliopsida,Asterales,Asteraceae,Polymnia,canadensis,06948_Plantae_Tracheophyta_Magnoliopsida_Asterales_Asteraceae_Polymnia_canadensis
336,6972,Senecio glastifolius,Woad-leaved ragwort,Plantae,Tracheophyta,Magnoliopsida,Asterales,Asteraceae,Senecio,glastifolius,06972_Plantae_Tracheophyta_Magnoliopsida_Asterales_Asteraceae_Senecio_glastifolius
337,6990,Silphium terebinthinaceum,prairie dock,Plantae,Tracheophyta,Magnoliopsida,Asterales,Asteraceae,Silphium,terebinthinaceum,06990_Plantae_Tracheophyta_Magnoliopsida_Asterales_Asteraceae_Silphium_terebinthinaceum
338,7005,Solidago rugosa,common wrinkle-leaved goldenrod,Plantae,Tracheophyta,Magnoliopsida,Asterales,Asteraceae,Solidago,rugosa,07005_Plantae_Tracheophyta_Magnoliopsida_Asterales_Asteraceae_Solidago_rugosa
339,7013,Sonchus asper,prickly sowthistle,Plantae,Tracheophyta,Magnoliopsida,Asterales,Asteraceae,Sonchus,asper,07013_Plantae_Tracheophyta_Magnoliopsida_Asterales_Asteraceae_Sonchus_asper
340,7039,Taraxacum officinale,common dandelion,Plantae,Tracheophyta,Magnoliopsida,Asterales,Asteraceae,Taraxacum,officinale,07039_Plantae_Tracheophyta_Magnoliopsida_Asterales_Asteraceae_Taraxacum_officinale
341,7047,Tithonia tubaeformis,tree marigold,Plantae,Tracheophyta,Magnoliopsida,Asterales,Asteraceae,Tithonia,tubaeformis,07047_Plantae_Tracheophyta_Magnoliopsida_Asterales_Asteraceae_Tithonia_tubaeformis
342,7092,Campanula prenanthoides,California Harebell,Plantae,Tracheophyta,Magnoliopsida,Asterales,Campanulaceae,Campanula,prenanthoides,07092_Plantae_Tracheophyta_Magnoliopsida_Asterales_Campanulaceae_Campanula_prenanthoides
343,7100,Jasione montana,Sheep's-bit,Plantae,Tracheophyta,Magnoliopsida,Asterales,Campanulaceae,Jasione,montana,07100_Plantae_Tracheophyta_Magnoliopsida_Asterales_Campanulaceae_Jasione_montana
344,7139,Echium plantagineum,Salvation Jane,Plantae,Tracheophyta,Magnoliopsida,Boraginales,Boraginaceae,Echium,plantagineum,07139_Plantae_Tracheophyta_Magnoliopsida_Boraginales_Boraginaceae_Echium_plantagineum
345,7172,Myosotis latifolia,broadleaf forget-me-not,Plantae,Tracheophyta,Magnoliopsida,Boraginales,Boraginaceae,Myosotis,latifolia,07172_Plantae_Tracheophyta_Magnoliopsida_Boraginales_Boraginaceae_Myosotis_latifolia
346,7173,Myosotis scorpioides,water forget-me-not,Plantae,Tracheophyta,Magnoliopsida,Boraginales,Boraginaceae,Myosotis,scorpioides,07173_Plantae_Tracheophyta_Magnoliopsida_Boraginales_Boraginaceae_Myosotis_scorpioides
347,7226,Cakile maritima,European Searocket,Plantae,Tracheophyta,Magnoliopsida,Brassicales,Brassicaceae,Cakile,maritima,07226_Plantae_Tracheophyta_Magnoliopsida_Brassicales_Brassicaceae_Cakile_maritima
348,7236,Cardamine hirsuta,hairy bittercress,Plantae,Tracheophyta,Magnoliopsida,Brassicales,Brassicaceae,Cardamine,hirsuta,07236_Plantae_Tracheophyta_Magnoliopsida_Brassicales_Brassicaceae_Cardamine_hirsuta
349,7237,Cardamine impatiens,narrow-leaved bittercress,Plantae,Tracheophyta,Magnoliopsida,Brassicales,Brassicaceae,Cardamine,impatiens,07237_Plantae_Tracheophyta_Magnoliopsida_Brassicales_Brassicaceae_Cardamine_impatiens
350,7246,Dithyrea californica,California shieldpod,Plantae,Tracheophyta,Magnoliopsida,Brassicales,Brassicaceae,Dithyrea,californica,07246_Plantae_Tracheophyta_Magnoliopsida_Brassicales_Brassicaceae_Dithyrea_californica
351,7299,Pseudowintera colorata,Mountain Horopito,Plantae,Tracheophyta,Magnoliopsida,Canellales,Winteraceae,Pseudowintera,colorata,07299_Plantae_Tracheophyta_Magnoliopsida_Canellales_Winteraceae_Pseudowintera_colorata
352,7327,Dysphania ambrosioides,Mexican tea,Plantae,Tracheophyta,Magnoliopsida,Caryophyllales,Amaranthaceae,Dysphania,ambrosioides,07327_Plantae_Tracheophyta_Magnoliopsida_Caryophyllales_Amaranthaceae_Dysphania_ambrosioides
353,7339,Anredera cordifolia,Mignonette vine,Plantae,Tracheophyta,Magnoliopsida,Caryophyllales,Basellaceae,Anredera,cordifolia,07339_Plantae_Tracheophyta_Magnoliopsida_Caryophyllales_Basellaceae_Anredera_cordifolia
354,7364,Echinocereus enneacanthus,Strawberry Cactus,Plantae,Tracheophyta,Magnoliopsida,Caryophyllales,Cactaceae,Echinocereus,enneacanthus,07364_Plantae_Tracheophyta_Magnoliopsida_Caryophyllales_Cactaceae_Echinocereus_enneacanthus
355,7366,Echinocereus pectinatus,Spiny Hedgehog Cactus,Plantae,Tracheophyta,Magnoliopsida,Caryophyllales,Cactaceae,Echinocereus,pectinatus,07366_Plantae_Tracheophyta_Magnoliopsida_Caryophyllales_Cactaceae_Echinocereus_pectinatus
356,7371,Echinocereus stramineus,strawberry hedgehog cactus,Plantae,Tracheophyta,Magnoliopsida,Caryophyllales,Cactaceae,Echinocereus,stramineus,07371_Plantae_Tracheophyta_Magnoliopsida_Caryophyllales_Cactaceae_Echinocereus_stramineus
357,7375,Escobaria vivipara,viviparous foxtail cactus,Plantae,Tracheophyta,Magnoliopsida,Caryophyllales,Cactaceae,Escobaria,vivipara,07375_Plantae_Tracheophyta_Magnoliopsida_Caryophyllales_Cactaceae_Escobaria_vivipara
358,7376,Ferocactus cylindraceus,California barrel cactus,Plantae,Tracheophyta,Magnoliopsida,Caryophyllales,Cactaceae,Ferocactus,cylindraceus,07376_Plantae_Tracheophyta_Magnoliopsida_Caryophyllales_Cactaceae_Ferocactus_cylindraceus
359,7434,Honckenya peploides,Sea Sandwort,Plantae,Tracheophyta,Magnoliopsida,Caryophyllales,Caryophyllaceae,Honckenya,peploides,07434_Plantae_Tracheophyta_Magnoliopsida_Caryophyllales_Caryophyllaceae_Honckenya_peploides
360,7451,Silene flos-cuculi,ragged-Robin,Plantae,Tracheophyta,Magnoliopsida,Caryophyllales,Caryophyllaceae,Silene,flos-cuculi,07451_Plantae_Tracheophyta_Magnoliopsida_Caryophyllales_Caryophyllaceae_Silene_flos-cuculi
361,7464,Stellaria graminea,lesser stitchwort,Plantae,Tracheophyta,Magnoliopsida,Caryophyllales,Caryophyllaceae,Stellaria,graminea,07464_Plantae_Tracheophyta_Magnoliopsida_Caryophyllales_Caryophyllaceae_Stellaria_graminea
362,7496,Montia parvifolia,Small-leaved Blinks,Plantae,Tracheophyta,Magnoliopsida,Caryophyllales,Montiaceae,Montia,parvifolia,07496_Plantae_Tracheophyta_Magnoliopsida_Caryophyllales_Montiaceae_Montia_parvifolia
363,7513,Limonium perezii,Perez's sea lavender,Plantae,Tracheophyta,Magnoliopsida,Caryophyllales,Plumbaginaceae,Limonium,perezii,07513_Plantae_Tracheophyta_Magnoliopsida_Caryophyllales_Plumbaginaceae_Limonium_perezii
364,7520,Bistorta vivipara,alpine bistort,Plantae,Tracheophyta,Magnoliopsida,Caryophyllales,Polygonaceae,Bistorta,vivipara,07520_Plantae_Tracheophyta_Magnoliopsida_Caryophyllales_Polygonaceae_Bistorta_vivipara
365,7526,Eriogonum deflexum,skeleton weed,Plantae,Tracheophyta,Magnoliopsida,Caryophyllales,Polygonaceae,Eriogonum,deflexum,07526_Plantae_Tracheophyta_Magnoliopsida_Caryophyllales_Polygonaceae_Eriogonum_deflexum
366,7536,Fallopia cilinodis,Fringed Bindweed,Plantae,Tracheophyta,Magnoliopsida,Caryophyllales,Polygonaceae,Fallopia,cilinodis,07536_Plantae_Tracheophyta_Magnoliopsida_Caryophyllales_Polygonaceae_Fallopia_cilinodis
367,7552,Persicaria maculosa,redshank,Plantae,Tracheophyta,Magnoliopsida,Caryophyllales,Polygonaceae,Persicaria,maculosa,07552_Plantae_Tracheophyta_Magnoliopsida_Caryophyllales_Polygonaceae_Persicaria_maculosa
368,7558,Polygonum aviculare,prostrate knotweed,Plantae,Tracheophyta,Magnoliopsida,Caryophyllales,Polygonaceae,Polygonum,aviculare,07558_Plantae_Tracheophyta_Magnoliopsida_Caryophyllales_Polygonaceae_Polygonum_aviculare
369,7559,Polygonum paronychia,beach knotweed,Plantae,Tracheophyta,Magnoliopsida,Caryophyllales,Polygonaceae,Polygonum,paronychia,07559_Plantae_Tracheophyta_Magnoliopsida_Caryophyllales_Polygonaceae_Polygonum_paronychia
370,7560,Pterostegia drymarioides,woodland pterostegia,Plantae,Tracheophyta,Magnoliopsida,Caryophyllales,Polygonaceae,Pterostegia,drymarioides,07560_Plantae_Tracheophyta_Magnoliopsida_Caryophyllales_Polygonaceae_Pterostegia_drymarioides
371,7567,Rumex hymenosepalus,canaigre dock,Plantae,Tracheophyta,Magnoliopsida,Caryophyllales,Polygonaceae,Rumex,hymenosepalus,07567_Plantae_Tracheophyta_Magnoliopsida_Caryophyllales_Polygonaceae_Rumex_hymenosepalus
372,7576,Canotia holacantha,crucifixion thorn,Plantae,Tracheophyta,Magnoliopsida,Celastrales,Celastraceae,Canotia,holacantha,07576_Plantae_Tracheophyta_Magnoliopsida_Celastrales_Celastraceae_Canotia_holacantha
373,7611,Cevallia sinuata,Stinging Serpent,Plantae,Tracheophyta,Magnoliopsida,Cornales,Loasaceae,Cevallia,sinuata,07611_Plantae_Tracheophyta_Magnoliopsida_Cornales_Loasaceae_Cevallia_sinuata
374,7613,Mentzelia hispida,Streambank Stickleaf,Plantae,Tracheophyta,Magnoliopsida,Cornales,Loasaceae,Mentzelia,hispida,07613_Plantae_Tracheophyta_Magnoliopsida_Cornales_Loasaceae_Mentzelia_hispida
375,7619,Coriaria arborea,Tree Tutu,Plantae,Tracheophyta,Magnoliopsida,Cucurbitales,Coriariaceae,Coriaria,arborea,07619_Plantae_Tracheophyta_Magnoliopsida_Cucurbitales_Coriariaceae_Coriaria_arborea
376,7625,Ecballium elaterium,squirting cucumber,Plantae,Tracheophyta,Magnoliopsida,Cucurbitales,Cucurbitaceae,Ecballium,elaterium,07625_Plantae_Tracheophyta_Magnoliopsida_Cucurbitales_Cucurbitaceae_Ecballium_elaterium
377,7663,Symphoricarpos occidentalis,Western Snowberry,Plantae,Tracheophyta,Magnoliopsida,Dipsacales,Caprifoliaceae,Symphoricarpos,occidentalis,07663_Plantae_Tracheophyta_Magnoliopsida_Dipsacales_Caprifoliaceae_Symphoricarpos_occidentalis
378,7678,Viburnum acerifolium,mapleleaf viburnum,Plantae,Tracheophyta,Magnoliopsida,Dipsacales,Viburnaceae,Viburnum,acerifolium,07678_Plantae_Tracheophyta_Magnoliopsida_Dipsacales_Viburnaceae_Viburnum_acerifolium
379,7707,Arbutus unedo,strawberry tree,Plantae,Tracheophyta,Magnoliopsida,Ericales,Ericaceae,Arbutus,unedo,07707_Plantae_Tracheophyta_Magnoliopsida_Ericales_Ericaceae_Arbutus_unedo
380,7709,Arctostaphylos glauca,Big Berry Manzanita,Plantae,Tracheophyta,Magnoliopsida,Ericales,Ericaceae,Arctostaphylos,glauca,07709_Plantae_Tracheophyta_Magnoliopsida_Ericales_Ericaceae_Arctostaphylos_glauca
381,7715,Calluna vulgaris,common heather,Plantae,Tracheophyta,Magnoliopsida,Ericales,Ericaceae,Calluna,vulgaris,07715_Plantae_Tracheophyta_Magnoliopsida_Ericales_Ericaceae_Calluna_vulgaris
382,7718,Ceratiola ericoides,sand heath,Plantae,Tracheophyta,Magnoliopsida,Ericales,Ericaceae,Ceratiola,ericoides,07718_Plantae_Tracheophyta_Magnoliopsida_Ericales_Ericaceae_Ceratiola_ericoides
383,7723,Dracophyllum longifolium,Inaka,Plantae,Tracheophyta,Magnoliopsida,Ericales,Ericaceae,Dracophyllum,longifolium,07723_Plantae_Tracheophyta_Magnoliopsida_Ericales_Ericaceae_Dracophyllum_longifolium
384,7732,Erica coccinea,Red Heath,Plantae,Tracheophyta,Magnoliopsida,Ericales,Ericaceae,Erica,coccinea,07732_Plantae_Tracheophyta_Magnoliopsida_Ericales_Ericaceae_Erica_coccinea
385,7740,Gaultheria antipoda,Gaultheria antipoda,Plantae,Tracheophyta,Magnoliopsida,Ericales,Ericaceae,Gaultheria,antipoda,07740_Plantae_Tracheophyta_Magnoliopsida_Ericales_Ericaceae_Gaultheria_antipoda
386,7750,Kalmia procumbens,alpine azalea,Plantae,Tracheophyta,Magnoliopsida,Ericales,Ericaceae,Kalmia,procumbens,07750_Plantae_Tracheophyta_Magnoliopsida_Ericales_Ericaceae_Kalmia_procumbens
387,7751,Leptecophylla juniperina,Prickly mingimingi,Plantae,Tracheophyta,Magnoliopsida,Ericales,Ericaceae,Leptecophylla,juniperina,07751_Plantae_Tracheophyta_Magnoliopsida_Ericales_Ericaceae_Leptecophylla_juniperina
388,7792,Vaccinium membranaceum,black huckleberry,Plantae,Tracheophyta,Magnoliopsida,Ericales,Ericaceae,Vaccinium,membranaceum,07792_Plantae_Tracheophyta_Magnoliopsida_Ericales_Ericaceae_Vaccinium_membranaceum
389,7814,Ipomopsis longiflora,flaxflowered ipomopsis,Plantae,Tracheophyta,Magnoliopsida,Ericales,Polemoniaceae,Ipomopsis,longiflora,07814_Plantae_Tracheophyta_Magnoliopsida_Ericales_Polemoniaceae_Ipomopsis_longiflora
390,7830,Phlox drummondii,Drummond's phlox,Plantae,Tracheophyta,Magnoliopsida,Ericales,Polemoniaceae,Phlox,drummondii,07830_Plantae_Tracheophyta_Magnoliopsida_Ericales_Polemoniaceae_Phlox_drummondii
391,7832,Phlox longifolia,longleaf phlox,Plantae,Tracheophyta,Magnoliopsida,Ericales,Polemoniaceae,Phlox,longifolia,07832_Plantae_Tracheophyta_Magnoliopsida_Ericales_Polemoniaceae_Phlox_longifolia
392,7843,Androsace septentrionalis,pygmy-flower rock-jasmine,Plantae,Tracheophyta,Magnoliopsida,Ericales,Primulaceae,Androsace,septentrionalis,07843_Plantae_Tracheophyta_Magnoliopsida_Ericales_Primulaceae_Androsace_septentrionalis
393,7888,Acacia confusa,Taiwan Acacia,Plantae,Tracheophyta,Magnoliopsida,Fabales,Fabaceae,Acacia,confusa,07888_Plantae_Tracheophyta_Magnoliopsida_Fabales_Fabaceae_Acacia_confusa
394,7891,Acacia longifolia,longleaf wattle,Plantae,Tracheophyta,Magnoliopsida,Fabales,Fabaceae,Acacia,longifolia,07891_Plantae_Tracheophyta_Magnoliopsida_Fabales_Fabaceae_Acacia_longifolia
395,7943,Cytisus scoparius,Scotch Broom,Plantae,Tracheophyta,Magnoliopsida,Fabales,Fabaceae,Cytisus,scoparius,07943_Plantae_Tracheophyta_Magnoliopsida_Fabales_Fabaceae_Cytisus_scoparius
396,8024,Melilotus albus,white sweet clover,Plantae,Tracheophyta,Magnoliopsida,Fabales,Fabaceae,Melilotus,albus,08024_Plantae_Tracheophyta_Magnoliopsida_Fabales_Fabaceae_Melilotus_albus
397,8047,Platylobium obtusangulum,Common Flat-pea,Plantae,Tracheophyta,Magnoliopsida,Fabales,Fabaceae,Platylobium,obtusangulum,08047_Plantae_Tracheophyta_Magnoliopsida_Fabales_Fabaceae_Platylobium_obtusangulum
398,8057,Robinia pseudoacacia,black locust,Plantae,Tracheophyta,Magnoliopsida,Fabales,Fabaceae,Robinia,pseudoacacia,08057_Plantae_Tracheophyta_Magnoliopsida_Fabales_Fabaceae_Robinia_pseudoacacia
399,8083,Thermopsis californica,California goldenbanner,Plantae,Tracheophyta,Magnoliopsida,Fabales,Fabaceae,Thermopsis,californica,08083_Plantae_Tracheophyta_Magnoliopsida_Fabales_Fabaceae_Thermopsis_californica
400,8130,Polygala nana,candyroot,Plantae,Tracheophyta,Magnoliopsida,Fabales,Polygalaceae,Polygala,nana,08130_Plantae_Tracheophyta_Magnoliopsida_Fabales_Polygalaceae_Polygala_nana
401,8132,Polygala rugelii,Yellow milkwort,Plantae,Tracheophyta,Magnoliopsida,Fabales,Polygalaceae,Polygala,rugelii,08132_Plantae_Tracheophyta_Magnoliopsida_Fabales_Polygalaceae_Polygala_rugelii
402,8193,Quercus michauxii,swamp chestnut oak,Plantae,Tracheophyta,Magnoliopsida,Fagales,Fagaceae,Quercus,michauxii,08193_Plantae_Tracheophyta_Magnoliopsida_Fagales_Fagaceae_Quercus_michauxii
403,8198,Quercus phellos,willow oak,Plantae,Tracheophyta,Magnoliopsida,Fagales,Fagaceae,Quercus,phellos,08198_Plantae_Tracheophyta_Magnoliopsida_Fagales_Fagaceae_Quercus_phellos
404,8220,Morella californica,California Wax Myrtle,Plantae,Tracheophyta,Magnoliopsida,Fagales,Myricaceae,Morella,californica,08220_Plantae_Tracheophyta_Magnoliopsida_Fagales_Myricaceae_Morella_californica
405,8226,Garrya elliptica,Coast silk tassel,Plantae,Tracheophyta,Magnoliopsida,Garryales,Garryaceae,Garrya,elliptica,08226_Plantae_Tracheophyta_Magnoliopsida_Garryales_Garryaceae_Garrya_elliptica
406,8293,Frasera caroliniensis,American columbo,Plantae,Tracheophyta,Magnoliopsida,Gentianales,Gentianaceae,Frasera,caroliniensis,08293_Plantae_Tracheophyta_Magnoliopsida_Gentianales_Gentianaceae_Frasera_caroliniensis
407,8325,Coprosma dumosa,Coprosma dumosa,Plantae,Tracheophyta,Magnoliopsida,Gentianales,Rubiaceae,Coprosma,dumosa,08325_Plantae_Tracheophyta_Magnoliopsida_Gentianales_Rubiaceae_Coprosma_dumosa
408,8327,Coprosma grandifolia,Kanono,Plantae,Tracheophyta,Magnoliopsida,Gentianales,Rubiaceae,Coprosma,grandifolia,08327_Plantae_Tracheophyta_Magnoliopsida_Gentianales_Rubiaceae_Coprosma_grandifolia
409,8426,Ajuga genevensis,Blue Bugle,Plantae,Tracheophyta,Magnoliopsida,Lamiales,Lamiaceae,Ajuga,genevensis,08426_Plantae_Tracheophyta_Magnoliopsida_Lamiales_Lamiaceae_Ajuga_genevensis
410,8427,Ajuga reptans,carpet bugle,Plantae,Tracheophyta,Magnoliopsida,Lamiales,Lamiaceae,Ajuga,reptans,08427_Plantae_Tracheophyta_Magnoliopsida_Lamiales_Lamiaceae_Ajuga_reptans
411,8460,Melissa officinalis,lemon balm,Plantae,Tracheophyta,Magnoliopsida,Lamiales,Lamiaceae,Melissa,officinalis,08460_Plantae_Tracheophyta_Magnoliopsida_Lamiales_Lamiaceae_Melissa_officinalis
412,8471,Monarda punctata,spotted horse mint,Plantae,Tracheophyta,Magnoliopsida,Lamiales,Lamiaceae,Monarda,punctata,08471_Plantae_Tracheophyta_Magnoliopsida_Lamiales_Lamiaceae_Monarda_punctata
413,8482,Salvia apiana,white sage,Plantae,Tracheophyta,Magnoliopsida,Lamiales,Lamiaceae,Salvia,apiana,08482_Plantae_Tracheophyta_Magnoliopsida_Lamiales_Lamiaceae_Salvia_apiana
414,8486,Salvia columbariae,chia,Plantae,Tracheophyta,Magnoliopsida,Lamiales,Lamiaceae,Salvia,columbariae,08486_Plantae_Tracheophyta_Magnoliopsida_Lamiales_Lamiaceae_Salvia_columbariae
415,8512,Stachys palustris,Marsh Woundwort,Plantae,Tracheophyta,Magnoliopsida,Lamiales,Lamiaceae,Stachys,palustris,08512_Plantae_Tracheophyta_Magnoliopsida_Lamiales_Lamiaceae_Stachys_palustris
416,8523,Trichostema lanatum,woolly blue curls,Plantae,Tracheophyta,Magnoliopsida,Lamiales,Lamiaceae,Trichostema,lanatum,08523_Plantae_Tracheophyta_Magnoliopsida_Lamiales_Lamiaceae_Trichostema_lanatum
417,8526,Vitex agnus-castus,Lilac chaste tree,Plantae,Tracheophyta,Magnoliopsida,Lamiales,Lamiaceae,Vitex,agnus-castus,08526_Plantae_Tracheophyta_Magnoliopsida_Lamiales_Lamiaceae_Vitex_agnus-castus
418,8569,Castilleja arvensis,field Indian paintbrush,Plantae,Tracheophyta,Magnoliopsida,Lamiales,Orobanchaceae,Castilleja,arvensis,08569_Plantae_Tracheophyta_Magnoliopsida_Lamiales_Orobanchaceae_Castilleja_arvensis
419,8583,Castilleja purpurea,Purple paintbrush,Plantae,Tracheophyta,Magnoliopsida,Lamiales,Orobanchaceae,Castilleja,purpurea,08583_Plantae_Tracheophyta_Magnoliopsida_Lamiales_Orobanchaceae_Castilleja_purpurea
420,8592,Epifagus virginiana,Beechdrops,Plantae,Tracheophyta,Magnoliopsida,Lamiales,Orobanchaceae,Epifagus,virginiana,08592_Plantae_Tracheophyta_Magnoliopsida_Lamiales_Orobanchaceae_Epifagus_virginiana
421,8600,Odontites vulgaris,Red Odontites,Plantae,Tracheophyta,Magnoliopsida,Lamiales,Orobanchaceae,Odontites,vulgaris,08600_Plantae_Tracheophyta_Magnoliopsida_Lamiales_Orobanchaceae_Odontites_vulgaris
422,8606,Pedicularis densiflora,Indian Warrior,Plantae,Tracheophyta,Magnoliopsida,Lamiales,Orobanchaceae,Pedicularis,densiflora,08606_Plantae_Tracheophyta_Magnoliopsida_Lamiales_Orobanchaceae_Pedicularis_densiflora
423,8626,Erythranthe cardinalis,scarlet monkeyflower,Plantae,Tracheophyta,Magnoliopsida,Lamiales,Phrymaceae,Erythranthe,cardinalis,08626_Plantae_Tracheophyta_Magnoliopsida_Lamiales_Phrymaceae_Erythranthe_cardinalis
424,8633,Phryma leptostachya,American lopseed,Plantae,Tracheophyta,Magnoliopsida,Lamiales,Phrymaceae,Phryma,leptostachya,08633_Plantae_Tracheophyta_Magnoliopsida_Lamiales_Phrymaceae_Phryma_leptostachya
425,8687,Veronica americana,American brooklime,Plantae,Tracheophyta,Magnoliopsida,Lamiales,Plantaginaceae,Veronica,americana,08687_Plantae_Tracheophyta_Magnoliopsida_Lamiales_Plantaginaceae_Veronica_americana
426,8693,Veronica filiformis,Slender speedwell,Plantae,Tracheophyta,Magnoliopsida,Lamiales,Plantaginaceae,Veronica,filiformis,08693_Plantae_Tracheophyta_Magnoliopsida_Lamiales_Plantaginaceae_Veronica_filiformis
427,8709,Buddleja davidii,Butterfly bush,Plantae,Tracheophyta,Magnoliopsida,Lamiales,Scrophulariaceae,Buddleja,davidii,08709_Plantae_Tracheophyta_Magnoliopsida_Lamiales_Scrophulariaceae_Buddleja_davidii
428,8717,Verbascum nigrum,Dark Mullein,Plantae,Tracheophyta,Magnoliopsida,Lamiales,Scrophulariaceae,Verbascum,nigrum,08717_Plantae_Tracheophyta_Magnoliopsida_Lamiales_Scrophulariaceae_Verbascum_nigrum
429,8719,Verbascum virgatum,Wand Mullein,Plantae,Tracheophyta,Magnoliopsida,Lamiales,Scrophulariaceae,Verbascum,virgatum,08719_Plantae_Tracheophyta_Magnoliopsida_Lamiales_Scrophulariaceae_Verbascum_virgatum
430,8723,Duranta erecta,golden dewdrop,Plantae,Tracheophyta,Magnoliopsida,Lamiales,Verbenaceae,Duranta,erecta,08723_Plantae_Tracheophyta_Magnoliopsida_Lamiales_Verbenaceae_Duranta_erecta
431,8724,Glandularia bipinnatifida,Dakota mock vervain,Plantae,Tracheophyta,Magnoliopsida,Lamiales,Verbenaceae,Glandularia,bipinnatifida,08724_Plantae_Tracheophyta_Magnoliopsida_Lamiales_Verbenaceae_Glandularia_bipinnatifida
432,8757,Asimina triloba,common pawpaw,Plantae,Tracheophyta,Magnoliopsida,Magnoliales,Annonaceae,Asimina,triloba,08757_Plantae_Tracheophyta_Magnoliopsida_Magnoliales_Annonaceae_Asimina_triloba
433,8763,Magnolia tripetala,umbrella magnolia,Plantae,Tracheophyta,Magnoliopsida,Magnoliales,Magnoliaceae,Magnolia,tripetala,08763_Plantae_Tracheophyta_Magnoliopsida_Magnoliales_Magnoliaceae_Magnolia_tripetala
434,8767,Acalypha rhomboidea,common copperleaf,Plantae,Tracheophyta,Magnoliopsida,Malpighiales,Euphorbiaceae,Acalypha,rhomboidea,08767_Plantae_Tracheophyta_Magnoliopsida_Malpighiales_Euphorbiaceae_Acalypha_rhomboidea
435,8773,Croton glandulosus,Tropic Croton,Plantae,Tracheophyta,Magnoliopsida,Malpighiales,Euphorbiaceae,Croton,glandulosus,08773_Plantae_Tracheophyta_Magnoliopsida_Malpighiales_Euphorbiaceae_Croton_glandulosus
436,8804,Euphorbia ophthalmica,Florida Hammock Sandmat,Plantae,Tracheophyta,Magnoliopsida,Malpighiales,Euphorbiaceae,Euphorbia,ophthalmica,08804_Plantae_Tracheophyta_Magnoliopsida_Malpighiales_Euphorbiaceae_Euphorbia_ophthalmica
437,8818,Manihot esculenta,Cassava,Plantae,Tracheophyta,Magnoliopsida,Malpighiales,Euphorbiaceae,Manihot,esculenta,08818_Plantae_Tracheophyta_Magnoliopsida_Malpighiales_Euphorbiaceae_Manihot_esculenta
438,8834,Hypericum perforatum,Klamath weed,Plantae,Tracheophyta,Magnoliopsida,Malpighiales,Hypericaceae,Hypericum,perforatum,08834_Plantae_Tracheophyta_Magnoliopsida_Malpighiales_Hypericaceae_Hypericum_perforatum
439,8867,Salix bebbiana,bebb's willow,Plantae,Tracheophyta,Magnoliopsida,Malpighiales,Salicaceae,Salix,bebbiana,08867_Plantae_Tracheophyta_Magnoliopsida_Malpighiales_Salicaceae_Salix_bebbiana
440,8869,Salix cinerea,Grey Willow,Plantae,Tracheophyta,Magnoliopsida,Malpighiales,Salicaceae,Salix,cinerea,08869_Plantae_Tracheophyta_Magnoliopsida_Malpighiales_Salicaceae_Salix_cinerea
441,8878,Salix nigra,black willow,Plantae,Tracheophyta,Magnoliopsida,Malpighiales,Salicaceae,Salix,nigra,08878_Plantae_Tracheophyta_Magnoliopsida_Malpighiales_Salicaceae_Salix_nigra
442,8912,Viola rotundifolia,Round-leaved Violet,Plantae,Tracheophyta,Magnoliopsida,Malpighiales,Violaceae,Viola,rotundifolia,08912_Plantae_Tracheophyta_Magnoliopsida_Malpighiales_Violaceae_Viola_rotundifolia
443,8930,Abutilon theophrasti,velvetleaf,Plantae,Tracheophyta,Magnoliopsida,Malvales,Malvaceae,Abutilon,theophrasti,08930_Plantae_Tracheophyta_Magnoliopsida_Malvales_Malvaceae_Abutilon_theophrasti
444,8956,Malva assurgentiflora,Island Mallow,Plantae,Tracheophyta,Magnoliopsida,Malvales,Malvaceae,Malva,assurgentiflora,08956_Plantae_Tracheophyta_Magnoliopsida_Malvales_Malvaceae_Malva_assurgentiflora
445,8987,Muntingia calabura,Cherry Tree,Plantae,Tracheophyta,Magnoliopsida,Malvales,Muntingiaceae,Muntingia,calabura,08987_Plantae_Tracheophyta_Magnoliopsida_Malvales_Muntingiaceae_Muntingia_calabura
446,9069,Oenothera rosea,rose evening primrose,Plantae,Tracheophyta,Magnoliopsida,Myrtales,Onagraceae,Oenothera,rosea,09069_Plantae_Tracheophyta_Magnoliopsida_Myrtales_Onagraceae_Oenothera_rosea
447,9089,Aristotelia serrata,Wineberry,Plantae,Tracheophyta,Magnoliopsida,Oxalidales,Elaeocarpaceae,Aristotelia,serrata,09089_Plantae_Tracheophyta_Magnoliopsida_Oxalidales_Elaeocarpaceae_Aristotelia_serrata
448,9124,Banksia integrifolia,Coastal Banksia,Plantae,Tracheophyta,Magnoliopsida,Proteales,Proteaceae,Banksia,integrifolia,09124_Plantae_Tracheophyta_Magnoliopsida_Proteales_Proteaceae_Banksia_integrifolia
449,9128,Leucadendron laureolum,Golden Sunshinebush,Plantae,Tracheophyta,Magnoliopsida,Proteales,Proteaceae,Leucadendron,laureolum,09128_Plantae_Tracheophyta_Magnoliopsida_Proteales_Proteaceae_Leucadendron_laureolum
450,9133,Mimetes cucullatus,red pagoda,Plantae,Tracheophyta,Magnoliopsida,Proteales,Proteaceae,Mimetes,cucullatus,09133_Plantae_Tracheophyta_Magnoliopsida_Proteales_Proteaceae_Mimetes_cucullatus
451,9199,Actaea racemosa,black cohosh,Plantae,Tracheophyta,Magnoliopsida,Ranunculales,Ranunculaceae,Actaea,racemosa,09199_Plantae_Tracheophyta_Magnoliopsida_Ranunculales_Ranunculaceae_Actaea_racemosa
452,9202,Adonis vernalis,Spring Adonis,Plantae,Tracheophyta,Magnoliopsida,Ranunculales,Ranunculaceae,Adonis,vernalis,09202_Plantae_Tracheophyta_Magnoliopsida_Ranunculales_Ranunculaceae_Adonis_vernalis
453,9203,Anemonastrum canadense,meadow anemone,Plantae,Tracheophyta,Magnoliopsida,Ranunculales,Ranunculaceae,Anemonastrum,canadense,09203_Plantae_Tracheophyta_Magnoliopsida_Ranunculales_Ranunculaceae_Anemonastrum_canadense
454,9221,Aquilegia vulgaris,common columbine,Plantae,Tracheophyta,Magnoliopsida,Ranunculales,Ranunculaceae,Aquilegia,vulgaris,09221_Plantae_Tracheophyta_Magnoliopsida_Ranunculales_Ranunculaceae_Aquilegia_vulgaris
455,9226,Clematis crispa,Swamp Leather Flower,Plantae,Tracheophyta,Magnoliopsida,Ranunculales,Ranunculaceae,Clematis,crispa,09226_Plantae_Tracheophyta_Magnoliopsida_Ranunculales_Ranunculaceae_Clematis_crispa
456,9235,Clematis virginiana,Virginia virgin's-bower,Plantae,Tracheophyta,Magnoliopsida,Ranunculales,Ranunculaceae,Clematis,virginiana,09235_Plantae_Tracheophyta_Magnoliopsida_Ranunculales_Ranunculaceae_Clematis_virginiana
457,9258,Pulsatilla patens,eastern pasqueflower,Plantae,Tracheophyta,Magnoliopsida,Ranunculales,Ranunculaceae,Pulsatilla,patens,09258_Plantae_Tracheophyta_Magnoliopsida_Ranunculales_Ranunculaceae_Pulsatilla_patens
458,9260,Ranunculus acris,meadow buttercup,Plantae,Tracheophyta,Magnoliopsida,Ranunculales,Ranunculaceae,Ranunculus,acris,09260_Plantae_Tracheophyta_Magnoliopsida_Ranunculales_Ranunculaceae_Ranunculus_acris
459,9314,Morus indica,Korean mulberry,Plantae,Tracheophyta,Magnoliopsida,Rosales,Moraceae,Morus,indica,09314_Plantae_Tracheophyta_Magnoliopsida_Rosales_Moraceae_Morus_indica
460,9372,Crataegus marshallii,parsley hawthorn,Plantae,Tracheophyta,Magnoliopsida,Rosales,Rosaceae,Crataegus,marshallii,09372_Plantae_Tracheophyta_Magnoliopsida_Rosales_Rosaceae_Crataegus_marshallii
461,9379,Eriobotrya japonica,Loquat,Plantae,Tracheophyta,Magnoliopsida,Rosales,Rosaceae,Eriobotrya,japonica,09379_Plantae_Tracheophyta_Magnoliopsida_Rosales_Rosaceae_Eriobotrya_japonica
462,9408,Potentilla canadensis,dwarf cinquefoil,Plantae,Tracheophyta,Magnoliopsida,Rosales,Rosaceae,Potentilla,canadensis,09408_Plantae_Tracheophyta_Magnoliopsida_Rosales_Rosaceae_Potentilla_canadensis
463,9423,Prunus fasciculata,desert almond,Plantae,Tracheophyta,Magnoliopsida,Rosales,Rosaceae,Prunus,fasciculata,09423_Plantae_Tracheophyta_Magnoliopsida_Rosales_Rosaceae_Prunus_fasciculata
464,9431,Prunus pumila,sand cherry,Plantae,Tracheophyta,Magnoliopsida,Rosales,Rosaceae,Prunus,pumila,09431_Plantae_Tracheophyta_Magnoliopsida_Rosales_Rosaceae_Prunus_pumila
465,9433,Prunus spinosa,Blackthorn,Plantae,Tracheophyta,Magnoliopsida,Rosales,Rosaceae,Prunus,spinosa,09433_Plantae_Tracheophyta_Magnoliopsida_Rosales_Rosaceae_Prunus_spinosa
466,9460,Rubus bifrons,Himalayan-berry,Plantae,Tracheophyta,Magnoliopsida,Rosales,Rosaceae,Rubus,bifrons,09460_Plantae_Tracheophyta_Magnoliopsida_Rosales_Rosaceae_Rubus_bifrons
467,9477,Rubus schmidelioides,Rubus schmidelioides,Plantae,Tracheophyta,Magnoliopsida,Rosales,Rosaceae,Rubus,schmidelioides,09477_Plantae_Tracheophyta_Magnoliopsida_Rosales_Rosaceae_Rubus_schmidelioides
468,9499,Ulmus americana,American elm,Plantae,Tracheophyta,Magnoliopsida,Rosales,Ulmaceae,Ulmus,americana,09499_Plantae_Tracheophyta_Magnoliopsida_Rosales_Ulmaceae_Ulmus_americana
469,9505,Ulmus pumila,Siberian elm,Plantae,Tracheophyta,Magnoliopsida,Rosales,Ulmaceae,Ulmus,pumila,09505_Plantae_Tracheophyta_Magnoliopsida_Rosales_Ulmaceae_Ulmus_pumila
470,9510,Laportea canadensis,Canadian wood nettle,Plantae,Tracheophyta,Magnoliopsida,Rosales,Urticaceae,Laportea,canadensis,09510_Plantae_Tracheophyta_Magnoliopsida_Rosales_Urticaceae_Laportea_canadensis
471,9518,Urtica urens,Dwarf Nettle,Plantae,Tracheophyta,Magnoliopsida,Rosales,Urticaceae,Urtica,urens,09518_Plantae_Tracheophyta_Magnoliopsida_Rosales_Urticaceae_Urtica_urens
472,9525,Phoradendron californicum,desert mistletoe,Plantae,Tracheophyta,Magnoliopsida,Santalales,Santalaceae,Phoradendron,californicum,09525_Plantae_Tracheophyta_Magnoliopsida_Santalales_Santalaceae_Phoradendron_californicum
473,9548,Toxicodendron rydbergii,poison ivy,Plantae,Tracheophyta,Magnoliopsida,Sapindales,Anacardiaceae,Toxicodendron,rydbergii,09548_Plantae_Tracheophyta_Magnoliopsida_Sapindales_Anacardiaceae_Toxicodendron_rydbergii
474,9550,Bursera microphylla,elephant tree,Plantae,Tracheophyta,Magnoliopsida,Sapindales,Burseraceae,Bursera,microphylla,09550_Plantae_Tracheophyta_Magnoliopsida_Sapindales_Burseraceae_Bursera_microphylla
475,9565,Acer campestre,field maple,Plantae,Tracheophyta,Magnoliopsida,Sapindales,Sapindaceae,Acer,campestre,09565_Plantae_Tracheophyta_Magnoliopsida_Sapindales_Sapindaceae_Acer_campestre
476,9586,Aesculus pavia,Red Buckeye,Plantae,Tracheophyta,Magnoliopsida,Sapindales,Sapindaceae,Aesculus,pavia,09586_Plantae_Tracheophyta_Magnoliopsida_Sapindales_Sapindaceae_Aesculus_pavia
477,9597,Crassula ovata,jade plant,Plantae,Tracheophyta,Magnoliopsida,Saxifragales,Crassulaceae,Crassula,ovata,09597_Plantae_Tracheophyta_Magnoliopsida_Saxifragales_Crassulaceae_Crassula_ovata
478,9610,Rhodiola integrifolia,western roseroot,Plantae,Tracheophyta,Magnoliopsida,Saxifragales,Crassulaceae,Rhodiola,integrifolia,09610_Plantae_Tracheophyta_Magnoliopsida_Saxifragales_Crassulaceae_Rhodiola_integrifolia
479,9640,Ribes uva-crispa,Goose-berry,Plantae,Tracheophyta,Magnoliopsida,Saxifragales,Grossulariaceae,Ribes,uva-crispa,09640_Plantae_Tracheophyta_Magnoliopsida_Saxifragales_Grossulariaceae_Ribes_uva-crispa
480,9674,Tolmiea menziesii,youth on age,Plantae,Tracheophyta,Magnoliopsida,Saxifragales,Saxifragaceae,Tolmiea,menziesii,09674_Plantae_Tracheophyta_Magnoliopsida_Saxifragales_Saxifragaceae_Tolmiea_menziesii
481,9695,Ipomoea coccinea,red morning glory,Plantae,Tracheophyta,Magnoliopsida,Solanales,Convolvulaceae,Ipomoea,coccinea,09695_Plantae_Tracheophyta_Magnoliopsida_Solanales_Convolvulaceae_Ipomoea_coccinea
482,9702,Ipomoea obscura,Obscure Morning Glory,Plantae,Tracheophyta,Magnoliopsida,Solanales,Convolvulaceae,Ipomoea,obscura,09702_Plantae_Tracheophyta_Magnoliopsida_Solanales_Convolvulaceae_Ipomoea_obscura
483,9735,Solanum dimidiatum,western horsenettle,Plantae,Tracheophyta,Magnoliopsida,Solanales,Solanaceae,Solanum,dimidiatum,09735_Plantae_Tracheophyta_Magnoliopsida_Solanales_Solanaceae_Solanum_dimidiatum
484,9739,Solanum elaeagnifolium,White Horse-nettle,Plantae,Tracheophyta,Magnoliopsida,Solanales,Solanaceae,Solanum,elaeagnifolium,09739_Plantae_Tracheophyta_Magnoliopsida_Solanales_Solanaceae_Solanum_elaeagnifolium
485,9753,Ampelopsis glandulosa,Porcelain Berry,Plantae,Tracheophyta,Magnoliopsida,Vitales,Vitaceae,Ampelopsis,glandulosa,09753_Plantae_Tracheophyta_Magnoliopsida_Vitales_Vitaceae_Ampelopsis_glandulosa
486,9766,Krameria erecta,Pima Rhatany,Plantae,Tracheophyta,Magnoliopsida,Zygophyllales,Krameriaceae,Krameria,erecta,09766_Plantae_Tracheophyta_Magnoliopsida_Zygophyllales_Krameriaceae_Krameria_erecta
487,9791,Sequoiadendron giganteum,giant sequoia,Plantae,Tracheophyta,Pinopsida,Pinales,Cupressaceae,Sequoiadendron,giganteum,09791_Plantae_Tracheophyta_Pinopsida_Pinales_Cupressaceae_Sequoiadendron_giganteum
488,9793,Taxodium distichum,baldcypress,Plantae,Tracheophyta,Pinopsida,Pinales,Cupressaceae,Taxodium,distichum,09793_Plantae_Tracheophyta_Pinopsida_Pinales_Cupressaceae_Taxodium_distichum
489,9794,Taxodium mucronatum,Montezuma cypress,Plantae,Tracheophyta,Pinopsida,Pinales,Cupressaceae,Taxodium,mucronatum,09794_Plantae_Tracheophyta_Pinopsida_Pinales_Cupressaceae_Taxodium_mucronatum
490,9799,Abies concolor,white fir,Plantae,Tracheophyta,Pinopsida,Pinales,Pinaceae,Abies,concolor,09799_Plantae_Tracheophyta_Pinopsida_Pinales_Pinaceae_Abies_concolor
491,9818,Pinus contorta,lodgepole pine,Plantae,Tracheophyta,Pinopsida,Pinales,Pinaceae,Pinus,contorta,09818_Plantae_Tracheophyta_Pinopsida_Pinales_Pinaceae_Pinus_contorta
492,9833,Pinus ponderosa,ponderosa pine,Plantae,Tracheophyta,Pinopsida,Pinales,Pinaceae,Pinus,ponderosa,09833_Plantae_Tracheophyta_Pinopsida_Pinales_Pinaceae_Pinus_ponderosa
493,9877,Gleichenia dicarpa,tangle fern,Plantae,Tracheophyta,Polypodiopsida,Gleicheniales,Gleicheniaceae,Gleichenia,dicarpa,09877_Plantae_Tracheophyta_Polypodiopsida_Gleicheniales_Gleicheniaceae_Gleichenia_dicarpa
494,9892,Asplenium bulbiferum,Hen and Chicks Fern,Plantae,Tracheophyta,Polypodiopsida,Polypodiales,Aspleniaceae,Asplenium,bulbiferum,09892_Plantae_Tracheophyta_Polypodiopsida_Polypodiales_Aspleniaceae_Asplenium_bulbiferum
495,9918,Lomaria discolor,Crown Fern,Plantae,Tracheophyta,Polypodiopsida,Polypodiales,Blechnaceae,Lomaria,discolor,09918_Plantae_Tracheophyta_Polypodiopsida_Polypodiales_Blechnaceae_Lomaria_discolor
496,9925,Cystopteris fragilis,brittle bladderfern,Plantae,Tracheophyta,Polypodiopsida,Polypodiales,Cystopteridaceae,Cystopteris,fragilis,09925_Plantae_Tracheophyta_Polypodiopsida_Polypodiales_Cystopteridaceae_Cystopteris_fragilis
497,9928,Dennstaedtia punctilobula,hay-scented fern,Plantae,Tracheophyta,Polypodiopsida,Polypodiales,Dennstaedtiaceae,Dennstaedtia,punctilobula,09928_Plantae_Tracheophyta_Polypodiopsida_Polypodiales_Dennstaedtiaceae_Dennstaedtia_punctilobula
498,9987,Pteris vittata,ladder fern,Plantae,Tracheophyta,Polypodiopsida,Polypodiales,Pteridaceae,Pteris,vittata,09987_Plantae_Tracheophyta_Polypodiopsida_Polypodiales_Pteridaceae_Pteris_vittata
499,9990,Phegopteris hexagonoptera,broad beech fern,Plantae,Tracheophyta,Polypodiopsida,Polypodiales,Thelypteridaceae,Phegopteris,hexagonoptera,09990_Plantae_Tracheophyta_Polypodiopsida_Polypodiales_Thelypteridaceae_Phegopteris_hexagonoptera
