relative_path,category,size_bytes
ablations/color_classifiers/ablation_deltas.csv,documentation,179
ablations/color_classifiers/ablation_deltas.png,documentation,59600
ablations/color_classifiers/ablation_metrics.png,documentation,55893
ablations/color_classifiers/ablation_runs.csv,documentation,792
ablations/color_classifiers/ablation_summary.csv,documentation,651
ablations/color_classifiers/validation_report.json,documentation,406
ablations/deep_learning/augmentation/ablation_deltas.csv,documentation,201
ablations/deep_learning/augmentation/ablation_deltas.png,documentation,52358
ablations/deep_learning/augmentation/ablation_metrics.png,documentation,49038
ablations/deep_learning/augmentation/ablation_runs.csv,documentation,881
ablations/deep_learning/augmentation/ablation_summary.csv,documentation,702
ablations/deep_learning/augmentation/basic/seed_9517/configuration.csv,documentation,655
ablations/deep_learning/augmentation/basic/seed_9517/confusion_matrix.csv,documentation,504334
ablations/deep_learning/augmentation/basic/seed_9517/history.csv,documentation,10895
ablations/deep_learning/augmentation/basic/seed_9517/learning_rate.png,documentation,49634
ablations/deep_learning/augmentation/basic/seed_9517/metrics.csv,documentation,724
ablations/deep_learning/augmentation/basic/seed_9517/per_class_metrics.csv,documentation,31943
ablations/deep_learning/augmentation/basic/seed_9517/prediction_validation.json,documentation,249
ablations/deep_learning/augmentation/basic/seed_9517/test_classification_report.json,documentation,62137
ablations/deep_learning/augmentation/basic/seed_9517/test_confusion_matrix.png,documentation,31603
ablations/deep_learning/augmentation/basic/seed_9517/test_prediction_examples.png,documentation,2493353
ablations/deep_learning/augmentation/basic/seed_9517/test_predictions_top1.csv,documentation,671291
ablations/deep_learning/augmentation/basic/seed_9517/training_curves.png,documentation,108717
ablations/deep_learning/augmentation/basic/seed_9517/training_state.json,documentation,508
ablations/deep_learning/augmentation/strong/seed_9517/configuration.csv,documentation,659
ablations/deep_learning/augmentation/strong/seed_9517/confusion_matrix.csv,documentation,504334
ablations/deep_learning/augmentation/strong/seed_9517/history.csv,documentation,10959
ablations/deep_learning/augmentation/strong/seed_9517/learning_rate.png,documentation,49634
ablations/deep_learning/augmentation/strong/seed_9517/metrics.csv,documentation,679
ablations/deep_learning/augmentation/strong/seed_9517/per_class_metrics.csv,documentation,32013
ablations/deep_learning/augmentation/strong/seed_9517/prediction_validation.json,documentation,237
ablations/deep_learning/augmentation/strong/seed_9517/test_classification_report.json,documentation,62195
ablations/deep_learning/augmentation/strong/seed_9517/test_confusion_matrix.png,documentation,31539
ablations/deep_learning/augmentation/strong/seed_9517/test_prediction_examples.png,documentation,2492797
ablations/deep_learning/augmentation/strong/seed_9517/test_predictions_top1.csv,documentation,671285
ablations/deep_learning/augmentation/strong/seed_9517/training_curves.png,documentation,114950
ablations/deep_learning/augmentation/strong/seed_9517/training_state.json,documentation,512
ablations/deep_learning/augmentation/study.json,documentation,365
ablations/deep_learning/augmentation/training_curves.png,documentation,137088
ablations/deep_learning/augmentation/validation_report.json,documentation,410
ablations/deep_learning/initialization/ablation_deltas.csv,documentation,201
ablations/deep_learning/initialization/ablation_deltas.png,documentation,50309
ablations/deep_learning/initialization/ablation_metrics.png,documentation,46996
ablations/deep_learning/initialization/ablation_runs.csv,documentation,865
ablations/deep_learning/initialization/ablation_summary.csv,documentation,690
ablations/deep_learning/initialization/pretrained/seed_9517/configuration.csv,documentation,659
ablations/deep_learning/initialization/pretrained/seed_9517/confusion_matrix.csv,documentation,504334
ablations/deep_learning/initialization/pretrained/seed_9517/history.csv,documentation,10959
ablations/deep_learning/initialization/pretrained/seed_9517/learning_rate.png,documentation,49634
ablations/deep_learning/initialization/pretrained/seed_9517/metrics.csv,documentation,679
ablations/deep_learning/initialization/pretrained/seed_9517/per_class_metrics.csv,documentation,32013
ablations/deep_learning/initialization/pretrained/seed_9517/prediction_validation.json,documentation,237
ablations/deep_learning/initialization/pretrained/seed_9517/test_classification_report.json,documentation,62195
ablations/deep_learning/initialization/pretrained/seed_9517/test_confusion_matrix.png,documentation,31539
ablations/deep_learning/initialization/pretrained/seed_9517/test_prediction_examples.png,documentation,2492797
ablations/deep_learning/initialization/pretrained/seed_9517/test_predictions_top1.csv,documentation,671285
ablations/deep_learning/initialization/pretrained/seed_9517/training_curves.png,documentation,114950
ablations/deep_learning/initialization/pretrained/seed_9517/training_state.json,documentation,512
ablations/deep_learning/initialization/scratch/seed_9517/configuration.csv,documentation,629
ablations/deep_learning/initialization/scratch/seed_9517/confusion_matrix.csv,documentation,504300
ablations/deep_learning/initialization/scratch/seed_9517/history.csv,documentation,11043
ablations/deep_learning/initialization/scratch/seed_9517/learning_rate.png,documentation,49634
ablations/deep_learning/initialization/scratch/seed_9517/metrics.csv,documentation,675
ablations/deep_learning/initialization/scratch/seed_9517/per_class_metrics.csv,documentation,31142
ablations/deep_learning/initialization/scratch/seed_9517/prediction_validation.json,documentation,251
ablations/deep_learning/initialization/scratch/seed_9517/test_classification_report.json,documentation,61323
ablations/deep_learning/initialization/scratch/seed_9517/test_confusion_matrix.png,documentation,30831
ablations/deep_learning/initialization/scratch/seed_9517/test_prediction_examples.png,documentation,2499102
ablations/deep_learning/initialization/scratch/seed_9517/test_predictions_top1.csv,documentation,671291
ablations/deep_learning/initialization/scratch/seed_9517/training_curves.png,documentation,135011
ablations/deep_learning/initialization/scratch/seed_9517/training_state.json,documentation,486
ablations/deep_learning/initialization/study.json,documentation,379
ablations/deep_learning/initialization/training_curves.png,documentation,122060
ablations/deep_learning/initialization/validation_report.json,documentation,439
ablations/deep_learning/label_smoothing/ablation_deltas.csv,documentation,222
ablations/deep_learning/label_smoothing/ablation_deltas.png,documentation,49787
ablations/deep_learning/label_smoothing/ablation_metrics.png,documentation,48539
ablations/deep_learning/label_smoothing/ablation_runs.csv,documentation,901
ablations/deep_learning/label_smoothing/ablation_summary.csv,documentation,711
ablations/deep_learning/label_smoothing/smoothing_0/seed_9517/configuration.csv,documentation,657
ablations/deep_learning/label_smoothing/smoothing_0/seed_9517/confusion_matrix.csv,documentation,504328
ablations/deep_learning/label_smoothing/smoothing_0/seed_9517/history.csv,documentation,11029
ablations/deep_learning/label_smoothing/smoothing_0/seed_9517/learning_rate.png,documentation,49634
ablations/deep_learning/label_smoothing/smoothing_0/seed_9517/metrics.csv,documentation,700
ablations/deep_learning/label_smoothing/smoothing_0/seed_9517/per_class_metrics.csv,documentation,31587
ablations/deep_learning/label_smoothing/smoothing_0/seed_9517/prediction_validation.json,documentation,249
ablations/deep_learning/label_smoothing/smoothing_0/seed_9517/test_classification_report.json,documentation,61769
ablations/deep_learning/label_smoothing/smoothing_0/seed_9517/test_confusion_matrix.png,documentation,31611
ablations/deep_learning/label_smoothing/smoothing_0/seed_9517/test_prediction_examples.png,documentation,2491580
ablations/deep_learning/label_smoothing/smoothing_0/seed_9517/test_predictions_top1.csv,documentation,671275
ablations/deep_learning/label_smoothing/smoothing_0/seed_9517/training_curves.png,documentation,117255
ablations/deep_learning/label_smoothing/smoothing_0/seed_9517/training_state.json,documentation,508
ablations/deep_learning/label_smoothing/smoothing_01/seed_9517/configuration.csv,documentation,661
ablations/deep_learning/label_smoothing/smoothing_01/seed_9517/confusion_matrix.csv,documentation,504334
ablations/deep_learning/label_smoothing/smoothing_01/seed_9517/history.csv,documentation,10959
ablations/deep_learning/label_smoothing/smoothing_01/seed_9517/learning_rate.png,documentation,49634
ablations/deep_learning/label_smoothing/smoothing_01/seed_9517/metrics.csv,documentation,681
ablations/deep_learning/label_smoothing/smoothing_01/seed_9517/per_class_metrics.csv,documentation,32013
ablations/deep_learning/label_smoothing/smoothing_01/seed_9517/prediction_validation.json,documentation,237
ablations/deep_learning/label_smoothing/smoothing_01/seed_9517/test_classification_report.json,documentation,62195
ablations/deep_learning/label_smoothing/smoothing_01/seed_9517/test_confusion_matrix.png,documentation,31539
ablations/deep_learning/label_smoothing/smoothing_01/seed_9517/test_prediction_examples.png,documentation,2492797
ablations/deep_learning/label_smoothing/smoothing_01/seed_9517/test_predictions_top1.csv,documentation,671285
ablations/deep_learning/label_smoothing/smoothing_01/seed_9517/training_curves.png,documentation,114950
ablations/deep_learning/label_smoothing/smoothing_01/seed_9517/training_state.json,documentation,512
ablations/deep_learning/label_smoothing/study.json,documentation,398
ablations/deep_learning/label_smoothing/training_curves.png,documentation,122383
ablations/deep_learning/label_smoothing/validation_report.json,documentation,440
ablations/deep_learning/mixup/ablation_deltas.csv,documentation,199
ablations/deep_learning/mixup/ablation_deltas.png,documentation,46704
ablations/deep_learning/mixup/ablation_metrics.png,documentation,46174
ablations/deep_learning/mixup/ablation_runs.csv,documentation,850
ablations/deep_learning/mixup/ablation_summary.csv,documentation,692
ablations/deep_learning/mixup/mixup_02/seed_9517/configuration.csv,documentation,645
ablations/deep_learning/mixup/mixup_02/seed_9517/confusion_matrix.csv,documentation,504333
ablations/deep_learning/mixup/mixup_02/seed_9517/history.csv,documentation,11544
ablations/deep_learning/mixup/mixup_02/seed_9517/learning_rate.png,documentation,49634
ablations/deep_learning/mixup/mixup_02/seed_9517/metrics.csv,documentation,687
ablations/deep_learning/mixup/mixup_02/seed_9517/per_class_metrics.csv,documentation,31674
ablations/deep_learning/mixup/mixup_02/seed_9517/prediction_validation.json,documentation,249
ablations/deep_learning/mixup/mixup_02/seed_9517/test_classification_report.json,documentation,61856
ablations/deep_learning/mixup/mixup_02/seed_9517/test_confusion_matrix.png,documentation,31569
ablations/deep_learning/mixup/mixup_02/seed_9517/test_prediction_examples.png,documentation,2493763
ablations/deep_learning/mixup/mixup_02/seed_9517/test_predictions_top1.csv,documentation,671266
ablations/deep_learning/mixup/mixup_02/seed_9517/training_curves.png,documentation,145748
ablations/deep_learning/mixup/mixup_02/seed_9517/training_state.json,documentation,488
ablations/deep_learning/mixup/mixup_off/seed_9517/configuration.csv,documentation,649
ablations/deep_learning/mixup/mixup_off/seed_9517/confusion_matrix.csv,documentation,504334
ablations/deep_learning/mixup/mixup_off/seed_9517/history.csv,documentation,10959
ablations/deep_learning/mixup/mixup_off/seed_9517/learning_rate.png,documentation,49634
ablations/deep_learning/mixup/mixup_off/seed_9517/metrics.csv,documentation,669
ablations/deep_learning/mixup/mixup_off/seed_9517/per_class_metrics.csv,documentation,32013
ablations/deep_learning/mixup/mixup_off/seed_9517/prediction_validation.json,documentation,237
ablations/deep_learning/mixup/mixup_off/seed_9517/test_classification_report.json,documentation,62195
ablations/deep_learning/mixup/mixup_off/seed_9517/test_confusion_matrix.png,documentation,31539
ablations/deep_learning/mixup/mixup_off/seed_9517/test_prediction_examples.png,documentation,2492797
ablations/deep_learning/mixup/mixup_off/seed_9517/test_predictions_top1.csv,documentation,671285
ablations/deep_learning/mixup/mixup_off/seed_9517/training_curves.png,documentation,114950
ablations/deep_learning/mixup/mixup_off/seed_9517/training_state.json,documentation,512
ablations/deep_learning/mixup/study.json,documentation,352
ablations/deep_learning/mixup/training_curves.png,documentation,123844
ablations/deep_learning/mixup/validation_report.json,documentation,408
ablations/deep_learning/tta/ablation_deltas.csv,documentation,197
ablations/deep_learning/tta/ablation_deltas.png,documentation,50980
ablations/deep_learning/tta/ablation_metrics.png,documentation,46140
ablations/deep_learning/tta/ablation_runs.csv,documentation,858
ablations/deep_learning/tta/ablation_summary.csv,documentation,688
ablations/deep_learning/tta/study.json,documentation,368
ablations/deep_learning/tta/training_curves.png,documentation,115526
ablations/deep_learning/tta/tta_off/seed_9517/configuration.csv,documentation,647
ablations/deep_learning/tta/tta_off/seed_9517/confusion_matrix.csv,documentation,504334
ablations/deep_learning/tta/tta_off/seed_9517/history.csv,documentation,10959
ablations/deep_learning/tta/tta_off/seed_9517/learning_rate.png,documentation,49634
ablations/deep_learning/tta/tta_off/seed_9517/metrics.csv,documentation,667
ablations/deep_learning/tta/tta_off/seed_9517/per_class_metrics.csv,documentation,32013
ablations/deep_learning/tta/tta_off/seed_9517/prediction_validation.json,documentation,237
ablations/deep_learning/tta/tta_off/seed_9517/test_classification_report.json,documentation,62195
ablations/deep_learning/tta/tta_off/seed_9517/test_confusion_matrix.png,documentation,31539
ablations/deep_learning/tta/tta_off/seed_9517/test_prediction_examples.png,documentation,2492797
ablations/deep_learning/tta/tta_off/seed_9517/test_predictions_top1.csv,documentation,671285
ablations/deep_learning/tta/tta_off/seed_9517/training_curves.png,documentation,114950
ablations/deep_learning/tta/tta_off/seed_9517/training_state.json,documentation,512
ablations/deep_learning/tta/tta_on/seed_9517/configuration.csv,documentation,644
ablations/deep_learning/tta/tta_on/seed_9517/confusion_matrix.csv,documentation,504343
ablations/deep_learning/tta/tta_on/seed_9517/history.csv,documentation,10959
ablations/deep_learning/tta/tta_on/seed_9517/learning_rate.png,documentation,49634
ablations/deep_learning/tta/tta_on/seed_9517/metrics.csv,documentation,713
ablations/deep_learning/tta/tta_on/seed_9517/per_class_metrics.csv,documentation,31833
ablations/deep_learning/tta/tta_on/seed_9517/prediction_validation.json,documentation,249
ablations/deep_learning/tta/tta_on/seed_9517/test_classification_report.json,documentation,62027
ablations/deep_learning/tta/tta_on/seed_9517/test_confusion_matrix.png,documentation,31567
ablations/deep_learning/tta/tta_on/seed_9517/test_prediction_examples.png,documentation,2492797
ablations/deep_learning/tta/tta_on/seed_9517/test_predictions_top1.csv,documentation,671289
ablations/deep_learning/tta/tta_on/seed_9517/training_curves.png,documentation,114950
ablations/deep_learning/tta/tta_on/seed_9517/training_state.json,documentation,512
ablations/deep_learning/tta/validation_report.json,documentation,399
ablations/deep_learning/深度学习消融实验说明.md,documentation,5034
ablations/handcrafted_features/ablation_deltas.csv,documentation,271
ablations/handcrafted_features/ablation_deltas.png,documentation,61804
ablations/handcrafted_features/ablation_metrics.png,documentation,67584
ablations/handcrafted_features/ablation_runs.csv,documentation,1351
ablations/handcrafted_features/ablation_summary.csv,documentation,909
ablations/handcrafted_features/validation_report.json,documentation,717
ablations/hog_classifiers/ablation_deltas.csv,documentation,188
ablations/hog_classifiers/ablation_deltas.png,documentation,61216
ablations/hog_classifiers/ablation_metrics.png,documentation,54673
ablations/hog_classifiers/ablation_runs.csv,documentation,826
ablations/hog_classifiers/ablation_summary.csv,documentation,660
ablations/hog_classifiers/validation_report.json,documentation,399
comparison/model_comparison.png,comparison,97136
comparison/per_class_f1_distribution.png,comparison,188708
comparison/runtime_comparison.csv,comparison,2688
comparison/runtime_vs_performance.png,comparison,100215
comparison/summary_metrics.csv,comparison,4933
comparison/traditional_methods_comparison.png,comparison,125681
comparison/traditional_summary_metrics.csv,comparison,3101
CONVERGENCE_EXPERIMENTS.md,documentation,5731
evaluation_manifest.json,documentation,972
examples/color_linear_svc/failures.csv,documentation,3584
examples/color_linear_svc/high_confidence_errors.csv,documentation,3576
examples/color_linear_svc/successes.csv,documentation,3570
examples/color_linear_svc/top5_only.csv,documentation,3595
examples/color_sgd_svm/failures.csv,documentation,3391
examples/color_sgd_svm/high_confidence_errors.csv,documentation,3391
examples/color_sgd_svm/successes.csv,documentation,3464
examples/color_sgd_svm/top5_only.csv,documentation,3446
examples/hog_random_forest/failures.csv,documentation,3139
examples/hog_random_forest/high_confidence_errors.csv,documentation,3152
examples/hog_random_forest/successes.csv,documentation,3135
examples/hog_random_forest/top5_only.csv,documentation,3200
examples/hog_sgd_svm/failures.csv,documentation,3244
examples/hog_sgd_svm/high_confidence_errors.csv,documentation,3257
examples/hog_sgd_svm/successes.csv,documentation,3229
examples/hog_sgd_svm/top5_only.csv,documentation,3234
examples/lbp_sgd_svm/failures.csv,documentation,3424
examples/lbp_sgd_svm/high_confidence_errors.csv,documentation,3448
examples/lbp_sgd_svm/successes.csv,documentation,3493
examples/lbp_sgd_svm/top5_only.csv,documentation,3510
examples/sift_bovw_sgd_svm/failures.csv,documentation,3336
examples/sift_bovw_sgd_svm/high_confidence_errors.csv,documentation,3337
examples/sift_bovw_sgd_svm/successes.csv,documentation,3420
examples/sift_bovw_sgd_svm/top5_only.csv,documentation,3399
methods/color_linear_svc/configuration.csv,method_result,446
methods/color_linear_svc/confusion_matrix.csv,method_result,503797
methods/color_linear_svc/confusion_matrix_full.png,method_result,168118
methods/color_linear_svc/confusion_matrix_subset.png,method_result,359442
methods/color_linear_svc/metrics.csv,method_result,785
methods/color_linear_svc/per_class_metrics.csv,method_result,45325
methods/color_linear_svc/test_predictions_top1.csv,method_result,666225
methods/color_linear_svc/test_predictions_top5.csv,method_result,1238570
methods/color_linear_svc/top_confusions.csv,method_result,1677
methods/color_sgd_svm/configuration.csv,method_result,448
methods/color_sgd_svm/confusion_matrix.csv,method_result,503797
methods/color_sgd_svm/confusion_matrix_full.png,method_result,170349
methods/color_sgd_svm/confusion_matrix_subset.png,method_result,347378
methods/color_sgd_svm/metrics.csv,method_result,761
methods/color_sgd_svm/per_class_metrics.csv,method_result,44444
methods/color_sgd_svm/test_predictions_top1.csv,method_result,666576
methods/color_sgd_svm/test_predictions_top5.csv,method_result,1225267
methods/color_sgd_svm/top_confusions.csv,method_result,1687
methods/convnext_mixup/configuration.csv,method_result,392
methods/convnext_mixup/confusion_matrix.csv,method_result,503941
methods/convnext_mixup/confusion_matrix_full.png,method_result,63722
methods/convnext_mixup/confusion_matrix_subset.png,method_result,83922
methods/convnext_mixup/correct_examples.jpg,method_result,355084
methods/convnext_mixup/failure_examples.jpg,method_result,366012
methods/convnext_mixup/history.csv,method_result,2144
methods/convnext_mixup/learning_rate.png,method_result,51891
methods/convnext_mixup/metrics.csv,method_result,697
methods/convnext_mixup/per_class_metrics.csv,method_result,51456
methods/convnext_mixup/test_predictions_top1.csv,method_result,666270
methods/convnext_mixup/top_confusions.csv,method_result,8476
methods/convnext_mixup/top_confusions.png,method_result,94770
methods/convnext_mixup/training_curves.png,method_result,68037
methods/convnext_mixup/worst_classes.csv,method_result,75019
methods/deep_ensemble/configuration.csv,method_result,124
methods/deep_ensemble/confusion_matrix.csv,method_result,503941
methods/deep_ensemble/confusion_matrix_full.png,method_result,63450
methods/deep_ensemble/confusion_matrix_subset.png,method_result,85537
methods/deep_ensemble/correct_examples.jpg,method_result,355609
methods/deep_ensemble/failure_examples.jpg,method_result,365103
methods/deep_ensemble/metrics.csv,method_result,669
methods/deep_ensemble/per_class_metrics.csv,method_result,51362
methods/deep_ensemble/test_predictions_top1.csv,method_result,666269
methods/deep_ensemble/top_confusions.csv,method_result,8609
methods/deep_ensemble/top_confusions.png,method_result,105426
methods/deep_ensemble/worst_classes.csv,method_result,76058
methods/hog_random_forest/configuration.csv,method_result,486
methods/hog_random_forest/confusion_matrix.csv,method_result,503797
methods/hog_random_forest/confusion_matrix_full.png,method_result,169880
methods/hog_random_forest/confusion_matrix_subset.png,method_result,355896
methods/hog_random_forest/metrics.csv,method_result,785
methods/hog_random_forest/per_class_metrics.csv,method_result,44947
methods/hog_random_forest/test_predictions_top1.csv,method_result,666244
methods/hog_random_forest/test_predictions_top5.csv,method_result,1169347
methods/hog_random_forest/top_confusions.csv,method_result,1639
methods/hog_sgd_svm/configuration.csv,method_result,447
methods/hog_sgd_svm/confusion_matrix.csv,method_result,503797
methods/hog_sgd_svm/confusion_matrix_full.png,method_result,168515
methods/hog_sgd_svm/confusion_matrix_subset.png,method_result,353086
methods/hog_sgd_svm/metrics.csv,method_result,770
methods/hog_sgd_svm/per_class_metrics.csv,method_result,45274
methods/hog_sgd_svm/test_predictions_top1.csv,method_result,666565
methods/hog_sgd_svm/test_predictions_top5.csv,method_result,1199199
methods/hog_sgd_svm/top_confusions.csv,method_result,1654
methods/hog_svm/configuration.csv,method_result,271
methods/hog_svm/confusion_matrix.csv,method_result,503797
methods/hog_svm/confusion_matrix_full.png,method_result,76283
methods/hog_svm/confusion_matrix_subset.png,method_result,65645
methods/hog_svm/correct_examples.jpg,method_result,316894
methods/hog_svm/failure_examples.jpg,method_result,391347
methods/hog_svm/metrics.csv,method_result,748
methods/hog_svm/per_class_metrics.csv,method_result,45128
methods/hog_svm/test_predictions_top1.csv,method_result,666594
methods/hog_svm/top_confusions.csv,method_result,7649
methods/hog_svm/top_confusions.png,method_result,108163
methods/hog_svm/worst_classes.csv,method_result,62773
methods/lbp_sgd_svm/configuration.csv,method_result,443
methods/lbp_sgd_svm/confusion_matrix.csv,method_result,503861
methods/lbp_sgd_svm/confusion_matrix_full.png,method_result,145991
methods/lbp_sgd_svm/confusion_matrix_subset.png,method_result,342073
methods/lbp_sgd_svm/metrics.csv,method_result,753
methods/lbp_sgd_svm/per_class_metrics.csv,method_result,43033
methods/lbp_sgd_svm/test_predictions_top1.csv,method_result,667162
methods/lbp_sgd_svm/test_predictions_top5.csv,method_result,1222384
methods/lbp_sgd_svm/top_confusions.csv,method_result,1586
methods/resnet18_pretrained/configuration.csv,method_result,602
methods/resnet18_pretrained/confusion_matrix.csv,method_result,503842
methods/resnet18_pretrained/confusion_matrix_full.png,method_result,67774
methods/resnet18_pretrained/confusion_matrix_subset.png,method_result,82227
methods/resnet18_pretrained/history.csv,method_result,7235
methods/resnet18_pretrained/learning_rate.png,method_result,52907
methods/resnet18_pretrained/metrics.csv,method_result,859
methods/resnet18_pretrained/per_class_metrics.csv,method_result,52341
methods/resnet18_pretrained/prediction_examples.png,method_result,3467468
methods/resnet18_pretrained/test_predictions_top1.csv,method_result,666271
methods/resnet18_pretrained/training_curves.png,method_result,111348
methods/resnet50_optimized/configuration.csv,method_result,378
methods/resnet50_optimized/confusion_matrix.csv,method_result,503892
methods/resnet50_optimized/confusion_matrix_full.png,method_result,64859
methods/resnet50_optimized/confusion_matrix_subset.png,method_result,82342
methods/resnet50_optimized/correct_examples.jpg,method_result,353848
methods/resnet50_optimized/failure_examples.jpg,method_result,368262
methods/resnet50_optimized/history.csv,method_result,726
methods/resnet50_optimized/learning_rate.png,method_result,50637
methods/resnet50_optimized/metrics.csv,method_result,727
methods/resnet50_optimized/per_class_metrics.csv,method_result,52290
methods/resnet50_optimized/test_predictions_top1.csv,method_result,666273
methods/resnet50_optimized/top_confusions.csv,method_result,8458
methods/resnet50_optimized/top_confusions.png,method_result,98716
methods/resnet50_optimized/training_curves.png,method_result,59737
methods/resnet50_optimized/worst_classes.csv,method_result,73922
methods/sift_bovw_sgd_svm/configuration.csv,method_result,535
methods/sift_bovw_sgd_svm/confusion_matrix.csv,method_result,503797
methods/sift_bovw_sgd_svm/confusion_matrix_full.png,method_result,169430
methods/sift_bovw_sgd_svm/confusion_matrix_subset.png,method_result,346288
methods/sift_bovw_sgd_svm/metrics.csv,method_result,809
methods/sift_bovw_sgd_svm/per_class_metrics.csv,method_result,43921
methods/sift_bovw_sgd_svm/test_predictions_top1.csv,method_result,666663
methods/sift_bovw_sgd_svm/test_predictions_top5.csv,method_result,1219762
methods/sift_bovw_sgd_svm/top_confusions.csv,method_result,1695
methods/simple_cnn/configuration.csv,method_result,585
methods/simple_cnn/confusion_matrix.csv,method_result,503799
methods/simple_cnn/confusion_matrix_full.png,method_result,74971
methods/simple_cnn/confusion_matrix_subset.png,method_result,69779
methods/simple_cnn/history.csv,method_result,11123
methods/simple_cnn/learning_rate.png,method_result,52981
methods/simple_cnn/metrics.csv,method_result,823
methods/simple_cnn/per_class_metrics.csv,method_result,50101
methods/simple_cnn/prediction_examples.png,method_result,795960
methods/simple_cnn/test_predictions_top1.csv,method_result,666438
methods/simple_cnn/training_curves.png,method_result,148544
README.md,documentation,5067
reproducibility/data_splits/class_mapping.json,reproducibility,242213
reproducibility/data_splits/selected_classes.csv,reproducibility,98401
reproducibility/data_splits/split_summary.json,reproducibility,651
reproducibility/data_splits/test.csv,reproducibility,1137252
reproducibility/data_splits/train.csv,reproducibility,4692376
reproducibility/data_splits/val.csv,reproducibility,1163338
TRADITIONAL_EXPERIMENTS.md,documentation,2429
